styrk08_code	styrk08_kortnavn	styrk08_label	ant_nus_9	ant_nus_2	ant_nus_3	ant_nus_4	ant_nus_5	ant_nus_6	ant_nus_7	ant_nus_8	pst_nus_9	pst_nus_2	pst_nus_3	pst_nus_4	pst_nus_5	pst_nus_6	pst_nus_7	pst_nus_8	antall_personer	uprikket_antall_personer	andel_uprikket
"0000"	"Uoppgitt / yrker som ikke kan identifiseres"	"Uoppgitt / yrker som ikke kan identifiseres"	"1023"	"4001"	"857"	"2238"	"254"	"2336"	"804"	"103"	"0.0874"	"0.3416"	"0.0732"	"0.1911"	"0.0217"	"0.1995"	"0.0687"	"0.0088"	"11711"	"12568"	"0.9318"
"0110"	"Offiser i militæret"	"Offiserer fra fenrik og høyere grad"	"0"	"210"	"33"	"1222"	"1226"	"4271"	"1870"	"19"	"0.0000"	"0.0237"	"0.0037"	"0.1381"	"0.1385"	"0.4825"	"0.2113"	"0.0021"	"8851"	"9326"	"0.9491"
"0210"	"Sersjant"	"Befal med sersjant grad"	"3"	"58"	"0"	"466"	"603"	"93"	"3"	"0"	"0.0024"	"0.0473"	"0.0000"	"0.3801"	"0.4918"	"0.0759"	"0.0024"	"0.0000"	"1226"	"1339"	"0.9156"
"0310"	"Menig i militæret"	"Menige"	"51"	"1093"	"12"	"5293"	"311"	"236"	"39"	"0"	"0.0072"	"0.1554"	"0.0017"	"0.7524"	"0.0442"	"0.0335"	"0.0055"	"0.0000"	"7035"	"7387"	"0.9523"
"1111"	"Politiker"	"Politikere"	"0"	"91"	"73"	"210"	"17"	"361"	"223"	"4"	"0.0000"	"0.0930"	"0.0746"	"0.2145"	"0.0174"	"0.3687"	"0.2278"	"0.0041"	"979"	"1428"	"0.6856"
"1112"	"Toppleder i offentlig administrasjon"	"Toppledere i offentlig administrasjon"	"5"	"15"	"0"	"30"	"3"	"281"	"404"	"7"	"0.0067"	"0.0201"	"0.0000"	"0.0403"	"0.0040"	"0.3772"	"0.5423"	"0.0094"	"745"	"999"	"0.7457"
"1114"	"Toppleder i interesseorganisasjon"	"Toppledere i interesseorganisasjoner"	"12"	"132"	"46"	"395"	"33"	"545"	"342"	"9"	"0.0079"	"0.0872"	"0.0304"	"0.2609"	"0.0218"	"0.3600"	"0.2259"	"0.0059"	"1514"	"2130"	"0.7108"
"1120"	"Daglig leder"	"Administrerende direktører"	"777"	"3887"	"2428"	"10914"	"1777"	"11753"	"5140"	"337"	"0.0209"	"0.1048"	"0.0654"	"0.2942"	"0.0479"	"0.3168"	"0.1385"	"0.0091"	"37101"	"38002"	"0.9763"
"1211"	"Økonomisjef"	"Finans- og økonomisjefer"	"60"	"282"	"339"	"1301"	"172"	"4486"	"1240"	"9"	"0.0076"	"0.0357"	"0.0430"	"0.1649"	"0.0218"	"0.5686"	"0.1572"	"0.0011"	"7889"	"8245"	"0.9568"
"1212"	"Personalsjef"	"Personalsjefer"	"28"	"113"	"52"	"307"	"50"	"754"	"430"	"0"	"0.0161"	"0.0652"	"0.0300"	"0.1770"	"0.0288"	"0.4348"	"0.2480"	"0.0000"	"1734"	"2139"	"0.8107"
"1213"	"Planleggingssjef"	"Strategi- og planleggingssjefer"	"0"	"9"	"0"	"12"	"0"	"19"	"118"	"0"	"0.0000"	"0.0570"	"0.0000"	"0.0759"	"0.0000"	"0.1203"	"0.7468"	"0.0000"	"158"	"291"	"0.5430"
"1219"	"Administrativ leder"	"Andre administrative ledere"	"144"	"1058"	"869"	"3477"	"725"	"10286"	"6023"	"238"	"0.0063"	"0.0463"	"0.0381"	"0.1523"	"0.0318"	"0.4505"	"0.2638"	"0.0104"	"22832"	"23749"	"0.9614"
"1221"	"Salgs- eller markedssjef"	"Salgs- og markedssjefer"	"255"	"1333"	"732"	"4101"	"664"	"5545"	"1861"	"75"	"0.0175"	"0.0915"	"0.0502"	"0.2814"	"0.0456"	"0.3805"	"0.1277"	"0.0051"	"14574"	"15296"	"0.9528"
"1222"	"PR- eller informasjonssjef"	"PR- og informasjonssjefer"	"19"	"70"	"27"	"308"	"12"	"545"	"195"	"0"	"0.0162"	"0.0595"	"0.0230"	"0.2619"	"0.0102"	"0.4634"	"0.1658"	"0.0000"	"1176"	"1516"	"0.7757"
"1223"	"Forsknings- eller utviklingsleder"	"Forsknings- og utviklingsledere"	"48"	"70"	"4"	"174"	"41"	"566"	"643"	"535"	"0.0231"	"0.0336"	"0.0019"	"0.0836"	"0.0197"	"0.2720"	"0.3090"	"0.2571"	"2081"	"2569"	"0.8100"
"1311"	"Leder i skogbruk eller gartneri"	"Ledere i skogbruk, gartnerier mv."	"5"	"46"	"30"	"127"	"4"	"153"	"148"	"17"	"0.0094"	"0.0868"	"0.0566"	"0.2396"	"0.0075"	"0.2887"	"0.2792"	"0.0321"	"530"	"802"	"0.6608"
"1312"	"Leder i akvakultur"	"Ledere innen akvakultur mv."	"4"	"21"	"0"	"86"	"0"	"6"	"10"	"0"	"0.0315"	"0.1654"	"0.0000"	"0.6772"	"0.0000"	"0.0472"	"0.0787"	"0.0000"	"127"	"241"	"0.5270"
"1321"	"Leder i industri"	"Ledere av industriproduksjon mv."	"175"	"1106"	"722"	"4178"	"882"	"2503"	"1730"	"171"	"0.0152"	"0.0964"	"0.0629"	"0.3640"	"0.0768"	"0.2181"	"0.1507"	"0.0149"	"11477"	"12066"	"0.9512"
"1322"	"Leder av olje- eller gassutvinning"	"Ledere av olje- og gassutvinning mv."	"83"	"151"	"116"	"983"	"603"	"1374"	"1814"	"149"	"0.0157"	"0.0286"	"0.0220"	"0.1864"	"0.1144"	"0.2606"	"0.3440"	"0.0283"	"5273"	"5720"	"0.9219"
"1323"	"Leder av bygge- eller anleggsvirksomhet"	"Ledere av bygge- og anleggsvirksomhet"	"397"	"1549"	"783"	"5385"	"1296"	"1961"	"814"	"22"	"0.0325"	"0.1268"	"0.0641"	"0.4409"	"0.1061"	"0.1606"	"0.0666"	"0.0018"	"12214"	"12770"	"0.9565"
"1324"	"Leder av logistikk eller transport"	"Ledere av logistikk og transport mv."	"162"	"1496"	"676"	"2689"	"333"	"1730"	"540"	"28"	"0.0212"	"0.1955"	"0.0883"	"0.3513"	"0.0435"	"0.2260"	"0.0706"	"0.0037"	"7654"	"8187"	"0.9349"
"1330"	"IKT-sjef"	"Ledere av IKT-enheter"	"55"	"272"	"99"	"900"	"127"	"1621"	"741"	"39"	"0.0143"	"0.0706"	"0.0257"	"0.2335"	"0.0330"	"0.4206"	"0.1923"	"0.0101"	"3854"	"4357"	"0.8846"
"1341"	"Barnehagestyrer"	"Ledere av omsorgstjenester for barn"	"12"	"28"	"9"	"98"	"0"	"3753"	"148"	"0"	"0.0030"	"0.0069"	"0.0022"	"0.0242"	"0.0000"	"0.9271"	"0.0366"	"0.0000"	"4048"	"4297"	"0.9421"
"1342"	"Leder av helsetjeneste"	"Ledere av helsetjenester"	"13"	"151"	"130"	"643"	"61"	"5430"	"1833"	"462"	"0.0015"	"0.0173"	"0.0149"	"0.0737"	"0.0070"	"0.6225"	"0.2101"	"0.0530"	"8723"	"9193"	"0.9489"
"1343"	"Enhetsleder, eldreomsorg"	"Ledere av eldreomsorg"	"6"	"32"	"22"	"89"	"4"	"1591"	"280"	"3"	"0.0030"	"0.0158"	"0.0109"	"0.0439"	"0.0020"	"0.7849"	"0.1381"	"0.0015"	"2027"	"2380"	"0.8517"
"1344"	"Leder av sosialomsorg"	"Ledere av sosialomsorg"	"19"	"145"	"34"	"345"	"24"	"541"	"107"	"4"	"0.0156"	"0.1189"	"0.0279"	"0.2830"	"0.0197"	"0.4438"	"0.0878"	"0.0033"	"1219"	"1686"	"0.7230"
"1345"	"Skoleleder"	"Ledere av utdanning og undervisning"	"54"	"281"	"135"	"824"	"132"	"6588"	"2410"	"154"	"0.0051"	"0.0266"	"0.0128"	"0.0779"	"0.0125"	"0.6228"	"0.2278"	"0.0146"	"10578"	"11431"	"0.9254"
"1346"	"Leder, forsikring eller finans"	"Ledere av forsikring og finansvirksomhet"	"35"	"135"	"131"	"904"	"127"	"2449"	"997"	"38"	"0.0073"	"0.0280"	"0.0272"	"0.1877"	"0.0264"	"0.5085"	"0.2070"	"0.0079"	"4816"	"5226"	"0.9215"
"1349"	"Leder av produksjon eller tjenesteyting"	"Andre ledere av produksjon og tjenesteyting"	"34"	"268"	"163"	"934"	"151"	"1754"	"791"	"40"	"0.0082"	"0.0648"	"0.0394"	"0.2259"	"0.0365"	"0.4242"	"0.1913"	"0.0097"	"4135"	"4817"	"0.8584"
"1411"	"Hotellsjef"	"Hotellsjefer"	"54"	"54"	"7"	"234"	"4"	"126"	"7"	"0"	"0.1111"	"0.1111"	"0.0144"	"0.4815"	"0.0082"	"0.2593"	"0.0144"	"0.0000"	"486"	"645"	"0.7535"
"1412"	"Restaurantsjef"	"Restaurantsjefer"	"389"	"397"	"90"	"1013"	"10"	"259"	"30"	"3"	"0.1762"	"0.1798"	"0.0408"	"0.4588"	"0.0045"	"0.1173"	"0.0136"	"0.0014"	"2208"	"2472"	"0.8932"
"1420"	"Butikksjef"	"Varehandelssjefer"	"612"	"6893"	"2569"	"12867"	"966"	"5105"	"495"	"15"	"0.0207"	"0.2331"	"0.0869"	"0.4351"	"0.0327"	"0.1726"	"0.0167"	"0.0005"	"29574"	"30403"	"0.9727"
"1431"	"Sports-, rekreasjons- eller kultursenterleder"	"Sports-, rekreasjons- og kultursenterledere"	"34"	"195"	"60"	"384"	"22"	"987"	"260"	"17"	"0.0174"	"0.0995"	"0.0306"	"0.1960"	"0.0112"	"0.5038"	"0.1327"	"0.0087"	"1959"	"2487"	"0.7877"
"1439"	"Daglig leder i tjenesteytende virksomhet"	"Andre daglige ledere i tjenesteytende virksomheter"	"22"	"120"	"33"	"367"	"3"	"84"	"14"	"0"	"0.0342"	"0.1866"	"0.0513"	"0.5708"	"0.0047"	"0.1306"	"0.0218"	"0.0000"	"643"	"855"	"0.7520"
"2111"	"Fysiker eller astronom"	"Fysikere og astronomer"	"22"	"0"	"0"	"0"	"0"	"7"	"185"	"100"	"0.0701"	"0.0000"	"0.0000"	"0.0000"	"0.0000"	"0.0223"	"0.5892"	"0.3185"	"314"	"375"	"0.8373"
"2112"	"Meteorolog"	"Meteorologer"	"5"	"0"	"0"	"0"	"0"	"0"	"116"	"74"	"0.0256"	"0.0000"	"0.0000"	"0.0000"	"0.0000"	"0.0000"	"0.5949"	"0.3795"	"195"	"219"	"0.8904"
"2113"	"Kjemiker"	"Kjemikere"	"41"	"0"	"0"	"11"	"0"	"52"	"199"	"245"	"0.0748"	"0.0000"	"0.0000"	"0.0201"	"0.0000"	"0.0949"	"0.3631"	"0.4471"	"548"	"688"	"0.7965"
"2114"	"Geolog eller geofysiker"	"Geologer og geofysikere"	"186"	"21"	"0"	"45"	"20"	"249"	"1312"	"454"	"0.0813"	"0.0092"	"0.0000"	"0.0197"	"0.0087"	"0.1089"	"0.5737"	"0.1985"	"2287"	"2520"	"0.9075"
"2120"	"Matematiker, statistiker"	"Matematikere, statistikere mv."	"13"	"20"	"48"	"61"	"3"	"107"	"565"	"143"	"0.0135"	"0.0208"	"0.0500"	"0.0635"	"0.0031"	"0.1115"	"0.5885"	"0.1490"	"960"	"1241"	"0.7736"
"2131"	"Biolog eller fiskeriforsker"	"Biologer, botanikere, zoologer mv."	"36"	"9"	"32"	"31"	"0"	"34"	"406"	"606"	"0.0312"	"0.0078"	"0.0277"	"0.0269"	"0.0000"	"0.0295"	"0.3518"	"0.5251"	"1154"	"1328"	"0.8690"
"2132"	"Sivilagronom"	"Sivilagronomer mv."	"19"	"7"	"6"	"55"	"0"	"0"	"139"	"137"	"0.0523"	"0.0193"	"0.0165"	"0.1515"	"0.0000"	"0.0000"	"0.3829"	"0.3774"	"363"	"484"	"0.7500"
"2133"	"Miljøvernrådgiver"	"Miljøvernrådgivere"	"9"	"3"	"0"	"0"	"0"	"29"	"167"	"14"	"0.0405"	"0.0135"	"0.0000"	"0.0000"	"0.0000"	"0.1306"	"0.7523"	"0.0631"	"222"	"373"	"0.5952"
"2141"	"Sivilingeniør (industri eller produksjon)"	"Sivilingeniører (industri og produksjon)"	"11"	"24"	"6"	"122"	"34"	"292"	"213"	"13"	"0.0154"	"0.0336"	"0.0084"	"0.1706"	"0.0476"	"0.4084"	"0.2979"	"0.0182"	"715"	"951"	"0.7518"
"2142"	"Sivilingeniør (bygg eller anlegg)"	"Sivilingeniører (bygg og anlegg)"	"395"	"723"	"467"	"3595"	"2070"	"5519"	"6984"	"330"	"0.0197"	"0.0360"	"0.0233"	"0.1790"	"0.1031"	"0.2748"	"0.3478"	"0.0164"	"20083"	"20714"	"0.9695"
"2143"	"Sivilingeniør (miljøteknikk)"	"Sivilingeniører (miljøteknikk)"	"4"	"0"	"0"	"0"	"0"	"0"	"81"	"8"	"0.0430"	"0.0000"	"0.0000"	"0.0000"	"0.0000"	"0.0000"	"0.8710"	"0.0860"	"93"	"169"	"0.5503"
"2144"	"Sivilingeniør (maskin- eller marinteknikk)"	"Sivilingeniører (maskin- og marin-teknikk)"	"96"	"44"	"13"	"326"	"159"	"698"	"1511"	"205"	"0.0315"	"0.0144"	"0.0043"	"0.1068"	"0.0521"	"0.2287"	"0.4951"	"0.0672"	"3052"	"3408"	"0.8955"
"2145"	"Sivilingeniør (kjemi)"	"Sivilingeniører (kjemi)"	"22"	"0"	"0"	"25"	"7"	"90"	"243"	"58"	"0.0494"	"0.0000"	"0.0000"	"0.0562"	"0.0157"	"0.2022"	"0.5461"	"0.1303"	"445"	"602"	"0.7392"
"2146"	"Sivilingeniør (geofag, petroleumsteknologi, metallurgi)"	"Sivilingeniører (geofag, petro-leumsteknologi, metallurgi mv.)"	"260"	"207"	"129"	"1248"	"555"	"3108"	"4747"	"742"	"0.0236"	"0.0188"	"0.0117"	"0.1135"	"0.0505"	"0.2825"	"0.4315"	"0.0675"	"11000"	"11562"	"0.9514"
"2149"	"Sivilingeniør (unntatt elektroteknologi)"	"Andre sivilingeniører (unntatt elektroteknologi)"	"145"	"74"	"25"	"254"	"77"	"943"	"1984"	"1835"	"0.0272"	"0.0139"	"0.0047"	"0.0476"	"0.0144"	"0.1767"	"0.3717"	"0.3438"	"5337"	"5939"	"0.8986"
"2151"	"Sivilingeniør (elkraftteknikk)"	"Sivilingeniører (elkraftteknikk)"	"44"	"31"	"10"	"247"	"194"	"753"	"1054"	"46"	"0.0185"	"0.0130"	"0.0042"	"0.1038"	"0.0815"	"0.3165"	"0.4430"	"0.0193"	"2379"	"2707"	"0.8788"
"2152"	"Sivilingeniør (elektronikk)"	"Sivilingeniører (elektronikk)"	"135"	"85"	"32"	"357"	"109"	"1190"	"1810"	"223"	"0.0343"	"0.0216"	"0.0081"	"0.0906"	"0.0277"	"0.3020"	"0.4593"	"0.0566"	"3941"	"4303"	"0.9159"
"2153"	"Sivilingeniør (telekommunikasjon)"	"Sivilingeniører (telekommunikasjon)"	"3"	"8"	"0"	"23"	"0"	"55"	"66"	"3"	"0.0190"	"0.0506"	"0.0000"	"0.1456"	"0.0000"	"0.3481"	"0.4177"	"0.0190"	"158"	"267"	"0.5918"
"2161"	"Arkitekt"	"Sivilarkitekter"	"266"	"65"	"24"	"192"	"42"	"545"	"4069"	"81"	"0.0503"	"0.0123"	"0.0045"	"0.0363"	"0.0079"	"0.1031"	"0.7701"	"0.0153"	"5284"	"5556"	"0.9510"
"2162"	"Landskapsarkitekt"	"Landskapsarkitekter"	"28"	"0"	"0"	"8"	"0"	"46"	"537"	"7"	"0.0447"	"0.0000"	"0.0000"	"0.0128"	"0.0000"	"0.0735"	"0.8578"	"0.0112"	"626"	"676"	"0.9260"
"2163"	"Produkt- eller klesdesigner"	"Produkt- og klesdesignere"	"35"	"14"	"0"	"41"	"52"	"154"	"184"	"3"	"0.0725"	"0.0290"	"0.0000"	"0.0849"	"0.1077"	"0.3188"	"0.3810"	"0.0062"	"483"	"654"	"0.7385"
"2164"	"Arealplanlegger"	"Arealplanleggere"	"24"	"28"	"9"	"110"	"0"	"208"	"464"	"3"	"0.0284"	"0.0331"	"0.0106"	"0.1300"	"0.0000"	"0.2459"	"0.5485"	"0.0035"	"846"	"1136"	"0.7447"
"2165"	"Landmåler, kartograf"	"Landmålere, kartografer mv."	"31"	"22"	"12"	"77"	"35"	"336"	"233"	"10"	"0.0410"	"0.0291"	"0.0159"	"0.1019"	"0.0463"	"0.4444"	"0.3082"	"0.0132"	"756"	"1039"	"0.7276"
"2166"	"Grafisk- eller multimediadesigner"	"Grafiske- og multimediadesignere"	"97"	"247"	"38"	"1121"	"158"	"1467"	"390"	"0"	"0.0276"	"0.0702"	"0.0108"	"0.3186"	"0.0449"	"0.4170"	"0.1109"	"0.0000"	"3518"	"3907"	"0.9004"
"2211"	"Allmennpraktiserende lege"	"Allmennpraktiserende leger"	"12"	"5"	"0"	"22"	"0"	"171"	"6415"	"369"	"0.0017"	"0.0007"	"0.0000"	"0.0031"	"0.0000"	"0.0244"	"0.9172"	"0.0528"	"6994"	"7056"	"0.9912"
"2212"	"Legespesialist"	"Legespesialister"	"83"	"5"	"0"	"0"	"0"	"24"	"11103"	"2480"	"0.0061"	"0.0004"	"0.0000"	"0.0000"	"0.0000"	"0.0018"	"0.8107"	"0.1811"	"13695"	"13838"	"0.9897"
"2221"	"Spesialsykepleier"	"Spesialsykepleiere"	"20"	"7"	"4"	"10"	"0"	"25421"	"1417"	"11"	"0.0007"	"0.0003"	"0.0001"	"0.0004"	"0.0000"	"0.9454"	"0.0527"	"0.0004"	"26890"	"27083"	"0.9929"
"2222"	"Jordmor"	"Jordmødre"	"5"	"0"	"0"	"0"	"0"	"1390"	"1048"	"0"	"0.0020"	"0.0000"	"0.0000"	"0.0000"	"0.0000"	"0.5690"	"0.4290"	"0.0000"	"2443"	"2499"	"0.9776"
"2223"	"Sykepleier"	"Sykepleiere"	"138"	"58"	"24"	"176"	"8"	"53943"	"1106"	"48"	"0.0025"	"0.0010"	"0.0004"	"0.0032"	"0.0001"	"0.9719"	"0.0199"	"0.0009"	"55501"	"55886"	"0.9931"
"2224"	"Vernepleier"	"Vernepleiere"	"70"	"224"	"116"	"584"	"50"	"14386"	"511"	"0"	"0.0044"	"0.0140"	"0.0073"	"0.0366"	"0.0031"	"0.9019"	"0.0320"	"0.0000"	"15950"	"16450"	"0.9696"
"2250"	"Veterinær"	"Veterinærer"	"23"	"0"	"0"	"4"	"0"	"11"	"1038"	"94"	"0.0197"	"0.0000"	"0.0000"	"0.0034"	"0.0000"	"0.0094"	"0.8872"	"0.0803"	"1170"	"1206"	"0.9701"
"2261"	"Tannlege"	"Tannleger"	"9"	"5"	"0"	"11"	"0"	"7"	"2706"	"71"	"0.0032"	"0.0018"	"0.0000"	"0.0039"	"0.0000"	"0.0025"	"0.9633"	"0.0253"	"2809"	"2856"	"0.9835"
"2262"	"Farmasøyt"	"Farmasøyter"	"20"	"0"	"0"	"5"	"0"	"85"	"2006"	"99"	"0.0090"	"0.0000"	"0.0000"	"0.0023"	"0.0000"	"0.0384"	"0.9056"	"0.0447"	"2215"	"2260"	"0.9801"
"2263"	"Helse- eller miljørådgiver"	"Helse- og miljørådgivere"	"0"	"0"	"0"	"0"	"0"	"5"	"7"	"0"	"0.0000"	"0.0000"	"0.0000"	"0.0000"	"0.0000"	"0.4167"	"0.5833"	"0.0000"	"12"	"50"	"0.2400"
"2264"	"Fysioterapeut"	"Fysioterapeuter"	"9"	"8"	"0"	"23"	"0"	"5009"	"544"	"21"	"0.0016"	"0.0014"	"0.0000"	"0.0041"	"0.0000"	"0.8922"	"0.0969"	"0.0037"	"5614"	"5769"	"0.9731"
"2265"	"Ernæringsfysiolog"	"Ernæringsfysiologer"	"6"	"6"	"0"	"43"	"10"	"105"	"309"	"27"	"0.0119"	"0.0119"	"0.0000"	"0.0850"	"0.0198"	"0.2075"	"0.6107"	"0.0534"	"506"	"639"	"0.7919"
"2266"	"Audiograf eller logoped"	"Audiografer og logopeder"	"5"	"0"	"0"	"12"	"0"	"288"	"103"	"0"	"0.0123"	"0.0000"	"0.0000"	"0.0294"	"0.0000"	"0.7059"	"0.2525"	"0.0000"	"408"	"457"	"0.8928"
"2267"	"Ergoterapeut"	"Ergoterapeuter"	"0"	"0"	"0"	"10"	"0"	"2339"	"124"	"5"	"0.0000"	"0.0000"	"0.0000"	"0.0040"	"0.0000"	"0.9439"	"0.0500"	"0.0020"	"2478"	"2592"	"0.9560"
"2269"	"Kiropraktor"	"Kiropraktorer mv."	"0"	"0"	"0"	"0"	"0"	"185"	"34"	"0"	"0.0000"	"0.0000"	"0.0000"	"0.0000"	"0.0000"	"0.8447"	"0.1553"	"0.0000"	"219"	"241"	"0.9087"
"2310"	"Forsker i høyere utdanning"	"Universitets- og høyskolelektorer/-lærere"	"1443"	"113"	"9"	"852"	"37"	"4169"	"10980"	"9275"	"0.0537"	"0.0042"	"0.0003"	"0.0317"	"0.0014"	"0.1551"	"0.4084"	"0.3450"	"26883"	"27690"	"0.9709"
"2320"	"Yrkesfaglærer"	"Yrkesfaglærere"	"7"	"18"	"0"	"52"	"3"	"343"	"32"	"3"	"0.0153"	"0.0393"	"0.0000"	"0.1135"	"0.0066"	"0.7489"	"0.0699"	"0.0066"	"458"	"802"	"0.5711"
"2330"	"Lektor (videregående skole)"	"Lektorer mv. (videregående skole)"	"134"	"88"	"24"	"561"	"241"	"15084"	"8994"	"201"	"0.0053"	"0.0035"	"0.0009"	"0.0222"	"0.0095"	"0.5956"	"0.3551"	"0.0079"	"25327"	"26188"	"0.9671"
"2341"	"Grunnskolelærer"	"Grunnskolelærere"	"517"	"734"	"160"	"2392"	"115"	"63890"	"9346"	"171"	"0.0067"	"0.0095"	"0.0021"	"0.0309"	"0.0015"	"0.8262"	"0.1209"	"0.0022"	"77329"	"78212"	"0.9887"
"2342"	"Barnehagelærer"	"Førskolelærere"	"337"	"297"	"128"	"1176"	"37"	"27557"	"745"	"17"	"0.0111"	"0.0098"	"0.0042"	"0.0388"	"0.0012"	"0.9097"	"0.0246"	"0.0006"	"30294"	"30712"	"0.9864"
"2351"	"Undervisningsinspektør eller -konsulent"	"Spesialister i pedagogikk"	"23"	"58"	"26"	"162"	"14"	"1479"	"394"	"0"	"0.0107"	"0.0269"	"0.0121"	"0.0751"	"0.0065"	"0.6860"	"0.1827"	"0.0000"	"2156"	"2684"	"0.8033"
"2352"	"Spesiallærer / spesialpedagog"	"Spesiallærere / spesialpedagoger"	"17"	"6"	"4"	"14"	"0"	"1359"	"783"	"4"	"0.0078"	"0.0027"	"0.0018"	"0.0064"	"0.0000"	"0.6214"	"0.3580"	"0.0018"	"2187"	"2381"	"0.9185"
"2353"	"Lærer (språkkurs)"	"Andre språklærere"	"10"	"3"	"0"	"0"	"0"	"24"	"3"	"0"	"0.2500"	"0.0750"	"0.0000"	"0.0000"	"0.0000"	"0.6000"	"0.0750"	"0.0000"	"40"	"105"	"0.3810"
"2354"	"Musikklærer"	"Andre musikklærere"	"85"	"107"	"37"	"197"	"6"	"1515"	"708"	"27"	"0.0317"	"0.0399"	"0.0138"	"0.0735"	"0.0022"	"0.5649"	"0.2640"	"0.0101"	"2682"	"3011"	"0.8907"
"2355"	"Lærer i estetiske fag"	"Andre lærere i estetiske fag"	"4"	"5"	"0"	"15"	"0"	"42"	"0"	"0"	"0.0606"	"0.0758"	"0.0000"	"0.2273"	"0.0000"	"0.6364"	"0.0000"	"0.0000"	"66"	"129"	"0.5116"
"2356"	"IKT-lærer"	"Andre IKT-lærere"	"0"	"7"	"0"	"5"	"0"	"0"	"0"	"0"	"0.0000"	"0.5833"	"0.0000"	"0.4167"	"0.0000"	"0.0000"	"0.0000"	"0.0000"	"12"	"28"	"0.4286"
"2359"	"Lærer"	"Andre lærere"	"45"	"172"	"39"	"384"	"63"	"796"	"274"	"0"	"0.0254"	"0.0970"	"0.0220"	"0.2166"	"0.0355"	"0.4490"	"0.1545"	"0.0000"	"1773"	"2369"	"0.7484"
"2411"	"Revisor eller regnskapsrådgiver"	"Revisorer, regnskapsrådgivere"	"171"	"498"	"465"	"1704"	"325"	"6647"	"3677"	"34"	"0.0126"	"0.0368"	"0.0344"	"0.1260"	"0.0240"	"0.4914"	"0.2718"	"0.0025"	"13528"	"14182"	"0.9539"
"2412"	"Finans- eller investeringsrådgiver"	"Finans- og investeringsrådgivere"	"176"	"378"	"385"	"1850"	"227"	"4654"	"3358"	"107"	"0.0158"	"0.0339"	"0.0346"	"0.1661"	"0.0204"	"0.4180"	"0.3016"	"0.0096"	"11135"	"11930"	"0.9334"
"2413"	"Finansanalytiker"	"Finansanalytikere"	"213"	"560"	"306"	"1811"	"199"	"3940"	"2679"	"130"	"0.0217"	"0.0569"	"0.0311"	"0.1841"	"0.0202"	"0.4005"	"0.2723"	"0.0132"	"9838"	"10690"	"0.9203"
"2421"	"Organisasjonsrådgiver"	"Organisasjonsrådgivere mv."	"81"	"337"	"284"	"999"	"82"	"1965"	"1880"	"158"	"0.0140"	"0.0582"	"0.0491"	"0.1727"	"0.0142"	"0.3396"	"0.3249"	"0.0273"	"5786"	"6677"	"0.8666"
"2422"	"Saksbehandler"	"Høyere saksbehandlere i offentlig og privat virksomhet"	"404"	"2561"	"2658"	"8559"	"1873"	"24445"	"22568"	"1019"	"0.0063"	"0.0400"	"0.0415"	"0.1335"	"0.0292"	"0.3814"	"0.3521"	"0.0159"	"64097"	"65111"	"0.9844"
"2423"	"Personal- eller karriererådgiver"	"Personal- og karriererådgivere"	"125"	"632"	"446"	"1777"	"287"	"4267"	"2214"	"65"	"0.0127"	"0.0644"	"0.0454"	"0.1810"	"0.0292"	"0.4346"	"0.2255"	"0.0066"	"9819"	"10647"	"0.9222"
"2424"	"Rådgiver i kompetanseutvikling"	"Rådgivere innen kompetanseutvikling"	"9"	"28"	"4"	"186"	"14"	"154"	"36"	"0"	"0.0209"	"0.0650"	"0.0093"	"0.4316"	"0.0325"	"0.3573"	"0.0835"	"0.0000"	"431"	"742"	"0.5809"
"2431"	"Reklame- eller markedsføringsrådgiver"	"Reklame- og markedsføringsrådgivere"	"163"	"433"	"146"	"1439"	"161"	"2797"	"837"	"15"	"0.0272"	"0.0723"	"0.0244"	"0.2402"	"0.0269"	"0.4669"	"0.1397"	"0.0025"	"5991"	"6608"	"0.9066"
"2432"	"Informasjonsrådgiver"	"Informasjonsrådgivere"	"49"	"128"	"27"	"370"	"20"	"1604"	"892"	"18"	"0.0158"	"0.0412"	"0.0087"	"0.1190"	"0.0064"	"0.5161"	"0.2870"	"0.0058"	"3108"	"3676"	"0.8455"
"2433"	"Salgskonsulent, tekniske eller medisinske produkt"	"Salgskonsulenter innen tekniske og medisinske produkter"	"28"	"238"	"109"	"825"	"284"	"679"	"157"	"6"	"0.0120"	"0.1023"	"0.0469"	"0.3547"	"0.1221"	"0.2919"	"0.0675"	"0.0026"	"2326"	"2736"	"0.8501"
"2434"	"Salgskonsulenter for IKT-produkt"	"Salgskonsulenter innen IKT-produkter"	"11"	"39"	"0"	"58"	"4"	"100"	"25"	"0"	"0.0464"	"0.1646"	"0.0000"	"0.2447"	"0.0169"	"0.4219"	"0.1055"	"0.0000"	"237"	"363"	"0.6529"
"2511"	"Systemanalytiker/-arkitekt"	"Systemanalytikere/-arkitekter"	"560"	"786"	"268"	"3033"	"460"	"8889"	"5822"	"400"	"0.0277"	"0.0389"	"0.0133"	"0.1500"	"0.0227"	"0.4395"	"0.2879"	"0.0198"	"20224"	"20993"	"0.9634"
"2512"	"Programvareutvikler"	"Programvareutviklere"	"195"	"174"	"18"	"416"	"53"	"1586"	"1249"	"109"	"0.0513"	"0.0458"	"0.0047"	"0.1095"	"0.0139"	"0.4174"	"0.3287"	"0.0287"	"3800"	"4156"	"0.9143"
"2513"	"Nett- eller multimediautvikler"	"Nett- og multimediautviklere"	"14"	"11"	"0"	"9"	"0"	"56"	"3"	"0"	"0.1505"	"0.1183"	"0.0000"	"0.0968"	"0.0000"	"0.6022"	"0.0323"	"0.0000"	"93"	"193"	"0.4819"
"2514"	"Applikasjonsprogrammerer"	"Applikasjonsprogrammerere"	"9"	"8"	"0"	"12"	"0"	"63"	"16"	"0"	"0.0833"	"0.0741"	"0.0000"	"0.1111"	"0.0000"	"0.5833"	"0.1481"	"0.0000"	"108"	"197"	"0.5482"
"2519"	"IKT-konsulent"	"Andre programvare- og applikasjonsutviklere"	"308"	"838"	"298"	"3122"	"429"	"5192"	"2871"	"113"	"0.0234"	"0.0636"	"0.0226"	"0.2370"	"0.0326"	"0.3942"	"0.2180"	"0.0086"	"13171"	"13868"	"0.9497"
"2521"	"Databaseadministrator"	"Databasedesignere og -administratorer"	"13"	"32"	"0"	"58"	"4"	"86"	"23"	"4"	"0.0591"	"0.1455"	"0.0000"	"0.2636"	"0.0182"	"0.3909"	"0.1045"	"0.0182"	"220"	"393"	"0.5598"
"2522"	"Systemadministrator"	"Systemadministratorer"	"32"	"102"	"16"	"228"	"27"	"196"	"58"	"3"	"0.0483"	"0.1541"	"0.0242"	"0.3444"	"0.0408"	"0.2961"	"0.0876"	"0.0045"	"662"	"937"	"0.7065"
"2529"	"IKT-systemansvarlig"	"Sikkerhetsanalytikere mv."	"30"	"147"	"33"	"453"	"62"	"599"	"186"	"3"	"0.0198"	"0.0972"	"0.0218"	"0.2994"	"0.0410"	"0.3959"	"0.1229"	"0.0020"	"1513"	"1847"	"0.8192"
"2611"	"Jurist eller advokat"	"Jurister og advokater"	"49"	"7"	"0"	"44"	"0"	"258"	"7473"	"46"	"0.0062"	"0.0009"	"0.0000"	"0.0056"	"0.0000"	"0.0328"	"0.9487"	"0.0058"	"7877"	"8024"	"0.9817"
"2612"	"Dommer"	"Dommere"	"0"	"0"	"0"	"0"	"0"	"0"	"826"	"11"	"0.0000"	"0.0000"	"0.0000"	"0.0000"	"0.0000"	"0.0000"	"0.9869"	"0.0131"	"837"	"853"	"0.9812"
"2619"	"Juridisk rådgiver"	"Andre juridiske yrker"	"16"	"3"	"0"	"8"	"3"	"91"	"452"	"4"	"0.0277"	"0.0052"	"0.0000"	"0.0139"	"0.0052"	"0.1577"	"0.7834"	"0.0069"	"577"	"698"	"0.8266"
"2621"	"Arkivar eller kurator"	"Arkivarer og kuratorer"	"31"	"37"	"6"	"69"	"3"	"223"	"440"	"28"	"0.0370"	"0.0442"	"0.0072"	"0.0824"	"0.0036"	"0.2664"	"0.5257"	"0.0335"	"837"	"1127"	"0.7427"
"2622"	"Bibliotekar"	"Bibliotekarer og andre informasjonsarbeidere"	"25"	"58"	"23"	"117"	"7"	"1655"	"280"	"25"	"0.0114"	"0.0265"	"0.0105"	"0.0534"	"0.0032"	"0.7557"	"0.1279"	"0.0114"	"2190"	"2590"	"0.8456"
"2631"	"Rådgiver/forsker, samfunnsøkonomi"	"Rådgivere/forskere, samfunnsøkonomi"	"13"	"10"	"10"	"59"	"0"	"460"	"364"	"61"	"0.0133"	"0.0102"	"0.0102"	"0.0604"	"0.0000"	"0.4708"	"0.3726"	"0.0624"	"977"	"1233"	"0.7924"
"2632"	"Rådgiver/forsker, samfunnsvitenskap"	"Rådgivere/forskere, samfunnsvitenskap"	"17"	"6"	"0"	"10"	"0"	"71"	"268"	"185"	"0.0305"	"0.0108"	"0.0000"	"0.0180"	"0.0000"	"0.1275"	"0.4811"	"0.3321"	"557"	"806"	"0.6911"
"2633"	"Arkeologer, historikere eller kunsthistorikere"	"Rådgivere/forskere, humanistiske fag"	"10"	"0"	"0"	"0"	"0"	"21"	"159"	"15"	"0.0488"	"0.0000"	"0.0000"	"0.0000"	"0.0000"	"0.1024"	"0.7756"	"0.0732"	"205"	"275"	"0.7455"
"2634"	"Psykolog"	"Psykologer"	"13"	"7"	"0"	"0"	"0"	"347"	"6263"	"208"	"0.0019"	"0.0010"	"0.0000"	"0.0000"	"0.0000"	"0.0507"	"0.9159"	"0.0304"	"6838"	"7033"	"0.9723"
"2635"	"Barnevern- eller familievernmedarbeider"	"Rådgivere innen sosiale fagfelt"	"24"	"49"	"20"	"94"	"11"	"5270"	"560"	"12"	"0.0040"	"0.0081"	"0.0033"	"0.0156"	"0.0018"	"0.8725"	"0.0927"	"0.0020"	"6040"	"6442"	"0.9376"
"2636"	"Prest"	"Geistlige yrker"	"61"	"37"	"10"	"41"	"15"	"319"	"1581"	"32"	"0.0291"	"0.0177"	"0.0048"	"0.0196"	"0.0072"	"0.1522"	"0.7543"	"0.0153"	"2096"	"2322"	"0.9027"
"2641"	"Forfatter eller forlagsmedarbeider"	"Forfattere mv."	"8"	"42"	"6"	"109"	"11"	"434"	"238"	"8"	"0.0093"	"0.0491"	"0.0070"	"0.1273"	"0.0129"	"0.5070"	"0.2780"	"0.0093"	"856"	"1226"	"0.6982"
"2642"	"Journalist"	"Journalister"	"17"	"255"	"95"	"1041"	"144"	"4282"	"679"	"7"	"0.0026"	"0.0391"	"0.0146"	"0.1597"	"0.0221"	"0.6567"	"0.1041"	"0.0011"	"6520"	"7076"	"0.9214"
"2643"	"Oversetter, tolk"	"Oversettere, tolker mv."	"69"	"226"	"9"	"306"	"4"	"583"	"158"	"3"	"0.0502"	"0.1645"	"0.0066"	"0.2227"	"0.0029"	"0.4243"	"0.1150"	"0.0022"	"1374"	"1751"	"0.7847"
"2651"	"Animatør eller billedkunstner"	"Skulptører, kunstmalere og andre billedkunstnere"	"15"	"7"	"0"	"25"	"7"	"56"	"15"	"0"	"0.1200"	"0.0560"	"0.0000"	"0.2000"	"0.0560"	"0.4480"	"0.1200"	"0.0000"	"125"	"229"	"0.5459"
"2652"	"Musiker"	"Dirigenter, komponister, musikere og sangere"	"81"	"77"	"27"	"155"	"0"	"924"	"611"	"50"	"0.0421"	"0.0400"	"0.0140"	"0.0805"	"0.0000"	"0.4800"	"0.3174"	"0.0260"	"1925"	"2138"	"0.9004"
"2653"	"Danser eller koreograf"	"Koreografer og dansere"	"22"	"27"	"0"	"39"	"4"	"158"	"19"	"0"	"0.0818"	"0.1004"	"0.0000"	"0.1450"	"0.0149"	"0.5874"	"0.0706"	"0.0000"	"269"	"339"	"0.7935"
"2654"	"Regissør eller produsent (film/tv/teater)"	"Regissører"	"11"	"55"	"0"	"147"	"11"	"383"	"48"	"0"	"0.0168"	"0.0840"	"0.0000"	"0.2244"	"0.0168"	"0.5847"	"0.0733"	"0.0000"	"655"	"887"	"0.7384"
"2655"	"Skuespiller"	"Skuespillere"	"6"	"36"	"0"	"159"	"19"	"241"	"18"	"0"	"0.0125"	"0.0752"	"0.0000"	"0.3319"	"0.0397"	"0.5031"	"0.0376"	"0.0000"	"479"	"582"	"0.8230"
"2656"	"Programleder i TV eller radio"	"Programledere i TV og radio"	"0"	"28"	"0"	"41"	"0"	"131"	"0"	"0"	"0.0000"	"0.1400"	"0.0000"	"0.2050"	"0.0000"	"0.6550"	"0.0000"	"0.0000"	"200"	"340"	"0.5882"
"2659"	"Artist"	"Andre utøvende kunstneriske yrker"	"9"	"30"	"0"	"25"	"3"	"3"	"0"	"0"	"0.1286"	"0.4286"	"0.0000"	"0.3571"	"0.0429"	"0.0429"	"0.0000"	"0.0000"	"70"	"134"	"0.5224"
"3112"	"Bygningsingeniør"	"Bygningsingeniører"	"406"	"803"	"500"	"3353"	"2098"	"6889"	"2116"	"77"	"0.0250"	"0.0494"	"0.0308"	"0.2064"	"0.1291"	"0.4240"	"0.1302"	"0.0047"	"16248"	"16838"	"0.9650"
"3113"	"Elkraftingeniør"	"Elkraftingeniører"	"56"	"102"	"106"	"861"	"1027"	"1604"	"538"	"8"	"0.0130"	"0.0237"	"0.0246"	"0.2001"	"0.2387"	"0.3728"	"0.1251"	"0.0019"	"4302"	"4616"	"0.9320"
"3114"	"Elektronikkingeniør"	"Elektronikkingeniører"	"300"	"508"	"285"	"3181"	"1249"	"4114"	"1978"	"162"	"0.0255"	"0.0431"	"0.0242"	"0.2701"	"0.1061"	"0.3493"	"0.1680"	"0.0138"	"11777"	"12309"	"0.9568"
"3115"	"Maskiningeniør"	"Maskiningeniører"	"164"	"477"	"262"	"2105"	"688"	"1841"	"526"	"35"	"0.0269"	"0.0782"	"0.0430"	"0.3452"	"0.1128"	"0.3019"	"0.0863"	"0.0057"	"6098"	"6535"	"0.9331"
"3116"	"Kjemiingeniør"	"Kjemiingeniører"	"62"	"74"	"21"	"321"	"121"	"816"	"573"	"115"	"0.0295"	"0.0352"	"0.0100"	"0.1526"	"0.0575"	"0.3880"	"0.2725"	"0.0547"	"2103"	"2424"	"0.8676"
"3117"	"Petroleumingeniør"	"Ingeniører innen petroleum, bergverk og metallurgi"	"393"	"424"	"214"	"3106"	"1060"	"2595"	"2845"	"213"	"0.0362"	"0.0391"	"0.0197"	"0.2862"	"0.0977"	"0.2391"	"0.2621"	"0.0196"	"10854"	"11276"	"0.9626"
"3118"	"Teknisk tegner"	"Tekniske tegnere"	"61"	"245"	"215"	"612"	"360"	"544"	"149"	"6"	"0.0278"	"0.1118"	"0.0981"	"0.2792"	"0.1642"	"0.2482"	"0.0680"	"0.0027"	"2192"	"2579"	"0.8499"
"3119"	"Ingeniør"	"Andre ingeniører"	"523"	"1584"	"918"	"6345"	"1996"	"6343"	"4117"	"427"	"0.0235"	"0.0712"	"0.0412"	"0.2850"	"0.0897"	"0.2849"	"0.1849"	"0.0192"	"22261"	"23037"	"0.9663"
"3121"	"Arbeidsleder, bergfag"	"Arbeidsleder, bergfag"	"0"	"15"	"0"	"45"	"5"	"0"	"0"	"0"	"0.0000"	"0.2308"	"0.0000"	"0.6923"	"0.0769"	"0.0000"	"0.0000"	"0.0000"	"65"	"123"	"0.5285"
"3122"	"Arbeidsleder, industri"	"Arbeidsleder, industri"	"100"	"545"	"293"	"2076"	"152"	"117"	"9"	"0"	"0.0304"	"0.1656"	"0.0890"	"0.6306"	"0.0462"	"0.0355"	"0.0027"	"0.0000"	"3292"	"3585"	"0.9183"
"3123"	"Arbeidsleder, bygg eller anlegg"	"Arbeidsleder, bygg og anlegg"	"297"	"1224"	"588"	"5611"	"1031"	"644"	"131"	"0"	"0.0312"	"0.1284"	"0.0617"	"0.5886"	"0.1082"	"0.0676"	"0.0137"	"0.0000"	"9533"	"9894"	"0.9635"
"3131"	"Energikontrolloperatør"	"Energikontrolloperatører"	"5"	"97"	"41"	"698"	"157"	"34"	"0"	"0"	"0.0048"	"0.0940"	"0.0397"	"0.6764"	"0.1521"	"0.0329"	"0.0000"	"0.0000"	"1032"	"1198"	"0.8614"
"3132"	"Kontrolloperatør ved forbrennings- kjøle- eller vannrenseanlegg"	"Kontrolloperatører ved forbrennings- kjøle- og vannrenseanlegg mv."	"0"	"3"	"0"	"0"	"0"	"0"	"0"	"0"	"0.0000"	"1.0000"	"0.0000"	"0.0000"	"0.0000"	"0.0000"	"0.0000"	"0.0000"	"3"	"11"	"0.2727"
"3133"	"Kontrolloperatør i kjemisk prosessindustri"	"Kontrolloperatører innen kjemisk prosessindustri"	"3"	"66"	"6"	"219"	"3"	"0"	"0"	"0"	"0.0101"	"0.2222"	"0.0202"	"0.7374"	"0.0101"	"0.0000"	"0.0000"	"0.0000"	"297"	"411"	"0.7226"
"3134"	"Kontrolloperatør raffineringsanlegg"	"Kontrolloperatører ved olje- og naturgassraffineringsanlegg"	"16"	"114"	"38"	"886"	"166"	"110"	"46"	"0"	"0.0116"	"0.0828"	"0.0276"	"0.6439"	"0.1206"	"0.0799"	"0.0334"	"0.0000"	"1376"	"1607"	"0.8563"
"3135"	"Kontrolloperatør i metallproduksjon"	"Kontrolloperatører innen metallproduksjon"	"0"	"53"	"22"	"83"	"0"	"0"	"0"	"0"	"0.0000"	"0.3354"	"0.1392"	"0.5253"	"0.0000"	"0.0000"	"0.0000"	"0.0000"	"158"	"233"	"0.6781"
"3139"	"Prosesskontrolloperatør"	"Andre prosesskontrolloperatører"	"4"	"8"	"0"	"27"	"3"	"0"	"0"	"0"	"0.0952"	"0.1905"	"0.0000"	"0.6429"	"0.0714"	"0.0000"	"0.0000"	"0.0000"	"42"	"70"	"0.6000"
"3141"	"Biotekniker (ikke-medisinske laboratorier)"	"Bioteknikere (ikke-medisinske laboratorier)"	"50"	"184"	"47"	"340"	"30"	"173"	"111"	"17"	"0.0522"	"0.1921"	"0.0491"	"0.3549"	"0.0313"	"0.1806"	"0.1159"	"0.0177"	"958"	"1289"	"0.7432"
"3142"	"Agrotekniker"	"Agroteknikere"	"5"	"19"	"30"	"134"	"0"	"62"	"113"	"3"	"0.0137"	"0.0519"	"0.0820"	"0.3661"	"0.0000"	"0.1694"	"0.3087"	"0.0082"	"366"	"538"	"0.6803"
"3143"	"Skogtekniker"	"Skogteknikere"	"4"	"22"	"25"	"163"	"0"	"171"	"112"	"0"	"0.0080"	"0.0443"	"0.0503"	"0.3280"	"0.0000"	"0.3441"	"0.2254"	"0.0000"	"497"	"617"	"0.8055"
"3151"	"Skipsmaskinist"	"Skipsmaskinister"	"28"	"54"	"71"	"1173"	"1113"	"344"	"15"	"0"	"0.0100"	"0.0193"	"0.0254"	"0.4192"	"0.3978"	"0.1229"	"0.0054"	"0.0000"	"2798"	"2950"	"0.9485"
"3152"	"Dekksoffiser eller los"	"Dekksoffiserer og loser"	"25"	"409"	"155"	"1969"	"2212"	"962"	"27"	"0"	"0.0043"	"0.0710"	"0.0269"	"0.3419"	"0.3841"	"0.1670"	"0.0047"	"0.0000"	"5759"	"5945"	"0.9687"
"3153"	"Flyger"	"Flygere"	"45"	"159"	"15"	"890"	"159"	"280"	"125"	"0"	"0.0269"	"0.0950"	"0.0090"	"0.5320"	"0.0950"	"0.1674"	"0.0747"	"0.0000"	"1673"	"1861"	"0.8990"
"3154"	"Flygeleder"	"Flygeledere"	"3"	"11"	"3"	"48"	"3"	"375"	"0"	"0"	"0.0068"	"0.0248"	"0.0068"	"0.1084"	"0.0068"	"0.8465"	"0.0000"	"0.0000"	"443"	"536"	"0.8265"
"3155"	"Flytekniker"	"Teknikere innen luftfartssikkerhet"	"0"	"0"	"0"	"20"	"0"	"0"	"0"	"0"	"0.0000"	"0.0000"	"0.0000"	"1.0000"	"0.0000"	"0.0000"	"0.0000"	"0.0000"	"20"	"34"	"0.5882"
"3211"	"Radiograf"	"Radiografer mv."	"0"	"0"	"0"	"76"	"0"	"2635"	"38"	"0"	"0.0000"	"0.0000"	"0.0000"	"0.0276"	"0.0000"	"0.9585"	"0.0138"	"0.0000"	"2749"	"2822"	"0.9741"
"3212"	"Bioingeniør"	"Bioingeniører"	"96"	"154"	"48"	"325"	"70"	"4821"	"923"	"188"	"0.0145"	"0.0232"	"0.0072"	"0.0491"	"0.0106"	"0.7277"	"0.1393"	"0.0284"	"6625"	"7025"	"0.9431"
"3213"	"Reseptar"	"Reseptarer"	"11"	"0"	"0"	"22"	"0"	"1424"	"215"	"13"	"0.0065"	"0.0000"	"0.0000"	"0.0131"	"0.0000"	"0.8451"	"0.1276"	"0.0077"	"1685"	"1753"	"0.9612"
"3214"	"Protese- eller tanntekniker"	"Protese- og tannteknikere"	"55"	"70"	"4"	"385"	"11"	"313"	"17"	"0"	"0.0643"	"0.0819"	"0.0047"	"0.4503"	"0.0129"	"0.3661"	"0.0199"	"0.0000"	"855"	"976"	"0.8760"
"3230"	"Alternativ behandler"	"Yrker innen alternativ medisin"	"13"	"5"	"3"	"5"	"3"	"126"	"4"	"0"	"0.0818"	"0.0314"	"0.0189"	"0.0314"	"0.0189"	"0.7925"	"0.0252"	"0.0000"	"159"	"215"	"0.7395"
"3240"	"Dyrepleier"	"Dyrepleiere"	"27"	"152"	"21"	"316"	"25"	"328"	"57"	"0"	"0.0292"	"0.1641"	"0.0227"	"0.3413"	"0.0270"	"0.3542"	"0.0616"	"0.0000"	"926"	"1113"	"0.8320"
"3251"	"Tannpleier"	"Tannpleiere"	"0"	"12"	"0"	"32"	"0"	"838"	"24"	"0"	"0.0000"	"0.0132"	"0.0000"	"0.0353"	"0.0000"	"0.9249"	"0.0265"	"0.0000"	"906"	"970"	"0.9340"
"3254"	"Optiker"	"Optikere"	"53"	"18"	"15"	"73"	"21"	"905"	"56"	"0"	"0.0465"	"0.0158"	"0.0131"	"0.0640"	"0.0184"	"0.7932"	"0.0491"	"0.0000"	"1141"	"1206"	"0.9461"
"3256"	"Helsesekretær"	"Helsesekretærer"	"99"	"1199"	"1676"	"8850"	"609"	"1034"	"118"	"7"	"0.0073"	"0.0882"	"0.1233"	"0.6509"	"0.0448"	"0.0761"	"0.0087"	"0.0005"	"13596"	"13979"	"0.9726"
"3257"	"Helse- eller miljøkontrollør"	"Helse- og miljøkontrollører"	"38"	"203"	"94"	"581"	"212"	"1097"	"1025"	"31"	"0.0116"	"0.0619"	"0.0286"	"0.1771"	"0.0646"	"0.3343"	"0.3124"	"0.0094"	"3281"	"3839"	"0.8546"
"3258"	"Ambulansepersonell"	"Ambulansepersonell"	"14"	"176"	"3"	"3205"	"57"	"853"	"19"	"0"	"0.0032"	"0.0407"	"0.0007"	"0.7407"	"0.0132"	"0.1971"	"0.0044"	"0.0000"	"4327"	"4546"	"0.9518"
"3259"	"Helseyrke"	"Andre helseyrker"	"12"	"279"	"185"	"710"	"37"	"454"	"6"	"0"	"0.0071"	"0.1658"	"0.1099"	"0.4219"	"0.0220"	"0.2698"	"0.0036"	"0.0000"	"1683"	"2058"	"0.8178"
"3311"	"Finansmegler"	"Finansmeglere"	"56"	"104"	"52"	"530"	"42"	"1763"	"1216"	"8"	"0.0149"	"0.0276"	"0.0138"	"0.1405"	"0.0111"	"0.4675"	"0.3225"	"0.0021"	"3771"	"4088"	"0.9225"
"3312"	"Kundebehandler lån eller kreditt"	"Kundebehandlere lån og kreditt"	"130"	"651"	"1076"	"3653"	"359"	"6073"	"1551"	"10"	"0.0096"	"0.0482"	"0.0797"	"0.2705"	"0.0266"	"0.4498"	"0.1149"	"0.0007"	"13503"	"14116"	"0.9566"
"3313"	"Regnskapsfører"	"Regnskapsførere"	"137"	"1010"	"1410"	"4086"	"743"	"8333"	"1440"	"13"	"0.0080"	"0.0588"	"0.0821"	"0.2379"	"0.0433"	"0.4852"	"0.0838"	"0.0008"	"17175"	"17827"	"0.9634"
"3315"	"Takstmann"	"Takstmenn"	"15"	"135"	"72"	"731"	"169"	"332"	"101"	"0"	"0.0096"	"0.0868"	"0.0463"	"0.4701"	"0.1087"	"0.2135"	"0.0650"	"0.0000"	"1555"	"1846"	"0.8424"
"3321"	"Forsikringsagenter"	"Forsikringsagenter"	"87"	"784"	"338"	"1995"	"231"	"3069"	"1186"	"38"	"0.0113"	"0.1014"	"0.0437"	"0.2582"	"0.0299"	"0.3971"	"0.1535"	"0.0049"	"7728"	"8304"	"0.9306"
"3322"	"Selger (engros)"	"Selgere (engros)"	"849"	"7614"	"3224"	"15782"	"1863"	"10571"	"2063"	"94"	"0.0202"	"0.1810"	"0.0766"	"0.3751"	"0.0443"	"0.2512"	"0.0490"	"0.0022"	"42077"	"42989"	"0.9788"
"3323"	"Innkjøper"	"Innkjøpere"	"111"	"464"	"268"	"1372"	"227"	"1396"	"427"	"14"	"0.0259"	"0.1084"	"0.0626"	"0.3206"	"0.0530"	"0.3262"	"0.0998"	"0.0033"	"4279"	"4780"	"0.8952"
"3324"	"Skips- elelr handelsmegler"	"Handels- og skipsmeglere"	"13"	"28"	"10"	"100"	"23"	"268"	"93"	"0"	"0.0243"	"0.0523"	"0.0187"	"0.1869"	"0.0430"	"0.5009"	"0.1738"	"0.0000"	"535"	"669"	"0.7997"
"3331"	"Speditør eller befrakter"	"Speditører og befraktere"	"146"	"1014"	"353"	"1569"	"161"	"727"	"112"	"3"	"0.0357"	"0.2476"	"0.0862"	"0.3832"	"0.0393"	"0.1775"	"0.0274"	"0.0007"	"4095"	"4553"	"0.8994"
"3332"	"Konferanse- eller arrangementsplanlegger"	"Konferanse- og arrangementsplanleggere mv."	"14"	"73"	"12"	"146"	"16"	"189"	"45"	"0"	"0.0283"	"0.1475"	"0.0242"	"0.2949"	"0.0323"	"0.3818"	"0.0909"	"0.0000"	"495"	"816"	"0.6066"
"3333"	"Arbeidsformidler"	"Arbeidsformidlere"	"491"	"1134"	"111"	"1889"	"108"	"2242"	"550"	"20"	"0.0747"	"0.1726"	"0.0169"	"0.2876"	"0.0164"	"0.3413"	"0.0837"	"0.0030"	"6569"	"7256"	"0.9053"
"3334"	"Eiendomsmegler eller - forvalter"	"Eiendomsmeglere og - forvaltere"	"14"	"207"	"97"	"681"	"85"	"2660"	"338"	"0"	"0.0034"	"0.0507"	"0.0238"	"0.1668"	"0.0208"	"0.6516"	"0.0828"	"0.0000"	"4082"	"4439"	"0.9196"
"3339"	"Megler eller agent (andre)"	"Andre yrker innen forretningstjenester"	"0"	"6"	"0"	"15"	"0"	"3"	"4"	"0"	"0.0000"	"0.2143"	"0.0000"	"0.5357"	"0.0000"	"0.1071"	"0.1429"	"0.0000"	"28"	"93"	"0.3011"
"3341"	"Arbeidsleder for kontorpersonell"	"Arbeidsledere for kontorpersonell"	"89"	"710"	"483"	"1676"	"261"	"1979"	"509"	"12"	"0.0156"	"0.1241"	"0.0844"	"0.2929"	"0.0456"	"0.3459"	"0.0890"	"0.0021"	"5722"	"6428"	"0.8902"
"3342"	"Advokatsekretær"	"Advokatsekretær"	"0"	"76"	"75"	"285"	"154"	"159"	"35"	"0"	"0.0000"	"0.0969"	"0.0957"	"0.3635"	"0.1964"	"0.2028"	"0.0446"	"0.0000"	"784"	"963"	"0.8141"
"3343"	"Administrasjonskonsulent"	"Sjefssekretærer"	"115"	"867"	"748"	"2322"	"447"	"2509"	"714"	"28"	"0.0148"	"0.1119"	"0.0965"	"0.2996"	"0.0577"	"0.3237"	"0.0921"	"0.0036"	"7750"	"8624"	"0.8987"
"3351"	"Toller"	"Tollere"	"4"	"67"	"3"	"428"	"387"	"148"	"7"	"0"	"0.0038"	"0.0642"	"0.0029"	"0.4100"	"0.3707"	"0.1418"	"0.0067"	"0.0000"	"1044"	"1282"	"0.8144"
"3352"	"Skattefunksjonær"	"Skattefunksjonærer"	"14"	"138"	"191"	"353"	"43"	"1373"	"150"	"0"	"0.0062"	"0.0610"	"0.0844"	"0.1561"	"0.0190"	"0.6070"	"0.0663"	"0.0000"	"2262"	"2530"	"0.8941"
"3353"	"NAV-veileder eller -konsulent"	"Saksbehandlere innen sosiale ytelser"	"40"	"411"	"353"	"1030"	"188"	"3042"	"888"	"3"	"0.0067"	"0.0690"	"0.0593"	"0.1730"	"0.0316"	"0.5108"	"0.1491"	"0.0005"	"5955"	"6555"	"0.9085"
"3355"	"Politibetjent"	"Politibetjenter mv."	"0"	"69"	"31"	"584"	"77"	"8899"	"126"	"0"	"0.0000"	"0.0071"	"0.0032"	"0.0597"	"0.0079"	"0.9094"	"0.0129"	"0.0000"	"9786"	"10000"	"0.9786"
"3359"	"Saksbehandler i offentlig forvaltning"	"Andre yrker innen offentlig forvaltning"	"39"	"770"	"853"	"1973"	"281"	"2477"	"603"	"3"	"0.0056"	"0.1100"	"0.1219"	"0.2819"	"0.0401"	"0.3539"	"0.0862"	"0.0004"	"6999"	"7817"	"0.8954"
"3412"	"Miljøarbeider i sosiale fagfelt"	"Miljøarbeidere innen sosiale fagfelt"	"133"	"653"	"353"	"1346"	"127"	"12736"	"1447"	"18"	"0.0079"	"0.0388"	"0.0210"	"0.0800"	"0.0075"	"0.7570"	"0.0860"	"0.0011"	"16824"	"17579"	"0.9571"
"3413"	"Menighetsarbeider eller misjonær"	"Religiøse yrker"	"44"	"140"	"85"	"340"	"80"	"1116"	"314"	"3"	"0.0207"	"0.0660"	"0.0401"	"0.1602"	"0.0377"	"0.5259"	"0.1480"	"0.0014"	"2122"	"2567"	"0.8266"
"3421"	"Idrettsutøver"	"Idrettsutøvere"	"199"	"213"	"0"	"564"	"0"	"233"	"14"	"0"	"0.1619"	"0.1733"	"0.0000"	"0.4589"	"0.0000"	"0.1896"	"0.0114"	"0.0000"	"1229"	"1367"	"0.8990"
"3422"	"Trener eller idrettsdommer"	"Trenere og idrettsdommere"	"281"	"353"	"63"	"803"	"27"	"1124"	"218"	"24"	"0.0971"	"0.1220"	"0.0218"	"0.2776"	"0.0093"	"0.3885"	"0.0754"	"0.0083"	"2893"	"3331"	"0.8685"
"3423"	"Sports- eller trenginsinstruktør"	"Sports- og aktivitetsinstruktører"	"137"	"452"	"41"	"999"	"32"	"1153"	"143"	"0"	"0.0463"	"0.1529"	"0.0139"	"0.3378"	"0.0108"	"0.3899"	"0.0484"	"0.0000"	"2957"	"3506"	"0.8434"
"3431"	"Fotograf eller filmfotograf"	"Fotografer og filmfotografer"	"18"	"103"	"24"	"325"	"39"	"280"	"10"	"0"	"0.0225"	"0.1289"	"0.0300"	"0.4068"	"0.0488"	"0.3504"	"0.0125"	"0.0000"	"799"	"1026"	"0.7788"
"3432"	"Interiørdesigner eller dekoratør"	"Interiørdesignere og dekoratører"	"57"	"285"	"51"	"750"	"66"	"226"	"31"	"0"	"0.0389"	"0.1944"	"0.0348"	"0.5116"	"0.0450"	"0.1542"	"0.0211"	"0.0000"	"1466"	"1798"	"0.8154"
"3433"	"Teknisk konservator"	"Tekniske konservatorer"	"0"	"8"	"0"	"6"	"0"	"16"	"19"	"0"	"0.0000"	"0.1633"	"0.0000"	"0.1224"	"0.0000"	"0.3265"	"0.3878"	"0.0000"	"49"	"150"	"0.3267"
"3434"	"Sjefskokk"	"Sjefskokker"	"234"	"502"	"169"	"1304"	"16"	"199"	"28"	"0"	"0.0945"	"0.2027"	"0.0682"	"0.5264"	"0.0065"	"0.0803"	"0.0113"	"0.0000"	"2477"	"2687"	"0.9218"
"3439"	"Andre yrker innen estetiske fag"	"Andre yrker innen estetiske fag"	"170"	"595"	"173"	"1114"	"35"	"678"	"82"	"0"	"0.0594"	"0.2080"	"0.0605"	"0.3895"	"0.0122"	"0.2371"	"0.0287"	"0.0000"	"2860"	"3361"	"0.8509"
"3511"	"Driftstekniker, IKT"	"Driftsteknikere, IKT"	"339"	"970"	"328"	"3244"	"487"	"4735"	"2045"	"178"	"0.0275"	"0.0787"	"0.0266"	"0.2631"	"0.0395"	"0.3841"	"0.1659"	"0.0144"	"12329"	"13091"	"0.9418"
"3512"	"Brukerstøtte, IKT"	"Brukerstøtte, IKT"	"154"	"687"	"109"	"1363"	"123"	"1216"	"178"	"13"	"0.0400"	"0.1785"	"0.0283"	"0.3541"	"0.0320"	"0.3159"	"0.0462"	"0.0034"	"3849"	"4426"	"0.8696"
"3513"	"Nettverks- eller systemtekniker, IKT"	"Nettverks- og systemteknikere, IKT"	"16"	"35"	"4"	"154"	"11"	"203"	"44"	"0"	"0.0343"	"0.0749"	"0.0086"	"0.3298"	"0.0236"	"0.4347"	"0.0942"	"0.0000"	"467"	"642"	"0.7274"
"3514"	"Internett-tekniker"	"Internett-teknikere"	"5"	"15"	"0"	"28"	"0"	"46"	"13"	"0"	"0.0467"	"0.1402"	"0.0000"	"0.2617"	"0.0000"	"0.4299"	"0.1215"	"0.0000"	"107"	"277"	"0.3863"
"3521"	"Tekniker, radio eller tv"	"Teknikere innen radio og tv"	"11"	"159"	"13"	"319"	"50"	"446"	"36"	"0"	"0.0106"	"0.1538"	"0.0126"	"0.3085"	"0.0484"	"0.4313"	"0.0348"	"0.0000"	"1034"	"1316"	"0.7857"
"3522"	"Tekniker, telekom"	"Teknikere innen telekom"	"17"	"173"	"25"	"266"	"9"	"98"	"16"	"0"	"0.0281"	"0.2864"	"0.0414"	"0.4404"	"0.0149"	"0.1623"	"0.0265"	"0.0000"	"604"	"879"	"0.6871"
"4110"	"Kontormedarbeider"	"Kontormedarbeidere"	"1242"	"9737"	"6854"	"21526"	"3200"	"14396"	"2764"	"125"	"0.0207"	"0.1625"	"0.1144"	"0.3593"	"0.0534"	"0.2403"	"0.0461"	"0.0021"	"59915"	"60921"	"0.9835"
"4131"	"Stenograf"	"Stenografer mv."	"0"	"0"	"0"	"0"	"0"	"6"	"0"	"0"	"0.0000"	"0.0000"	"0.0000"	"0.0000"	"0.0000"	"1.0000"	"0.0000"	"0.0000"	"6"	"26"	"0.2308"
"4132"	"Dataregistrer"	"Dataregistrere"	"6"	"71"	"33"	"92"	"7"	"65"	"7"	"0"	"0.0214"	"0.2527"	"0.1174"	"0.3274"	"0.0249"	"0.2313"	"0.0249"	"0.0000"	"281"	"456"	"0.6162"
"4211"	"Kundebehandler i bank eller postkontor"	"Kundebehandlere, bank og postkontor"	"16"	"219"	"95"	"250"	"4"	"55"	"0"	"0"	"0.0249"	"0.3411"	"0.1480"	"0.3894"	"0.0062"	"0.0857"	"0.0000"	"0.0000"	"642"	"839"	"0.7652"
"4212"	"Bingovert, bookmaker"	"Bingoverter, bookmakere mv."	"15"	"351"	"35"	"128"	"3"	"12"	"0"	"0"	"0.0276"	"0.6452"	"0.0643"	"0.2353"	"0.0055"	"0.0221"	"0.0000"	"0.0000"	"544"	"701"	"0.7760"
"4214"	"Inkassomedarbeider"	"Inkassomedarbeidere mv."	"12"	"160"	"62"	"347"	"33"	"269"	"37"	"0"	"0.0130"	"0.1739"	"0.0674"	"0.3772"	"0.0359"	"0.2924"	"0.0402"	"0.0000"	"920"	"1190"	"0.7731"
"4221"	"Reisebyråmedarbeider"	"Reisebyråmedarbeidere mv."	"161"	"493"	"147"	"1514"	"192"	"985"	"112"	"0"	"0.0447"	"0.1368"	"0.0408"	"0.4201"	"0.0533"	"0.2733"	"0.0311"	"0.0000"	"3604"	"4047"	"0.8905"
"4222"	"Kundesentermedarbeider"	"Kundesentermedarbeidere"	"65"	"756"	"153"	"1306"	"94"	"776"	"42"	"0"	"0.0204"	"0.2368"	"0.0479"	"0.4091"	"0.0294"	"0.2431"	"0.0132"	"0.0000"	"3192"	"3693"	"0.8643"
"4223"	"Sentralbordoperatør"	"Sentralbordoperatører"	"8"	"357"	"109"	"481"	"21"	"87"	"0"	"0"	"0.0075"	"0.3358"	"0.1025"	"0.4525"	"0.0198"	"0.0818"	"0.0000"	"0.0000"	"1063"	"1364"	"0.7793"
"4224"	"Hotellresepsjonist"	"Hotellresepsjonister"	"898"	"1353"	"176"	"1895"	"95"	"1124"	"150"	"24"	"0.1552"	"0.2338"	"0.0304"	"0.3275"	"0.0164"	"0.1943"	"0.0259"	"0.0041"	"5786"	"6296"	"0.9190"
"4225"	"Informasjonsskrankemedarbeider"	"Informasjonsskrankemedarbeidere"	"8"	"87"	"14"	"97"	"0"	"3"	"0"	"0"	"0.0383"	"0.4163"	"0.0670"	"0.4641"	"0.0000"	"0.0144"	"0.0000"	"0.0000"	"209"	"335"	"0.6239"
"4226"	"Resepsjonist (utenom hotell)"	"Resepsjonister (ekskl. hotell)"	"209"	"1411"	"376"	"3596"	"185"	"1355"	"84"	"0"	"0.0290"	"0.1955"	"0.0521"	"0.4983"	"0.0256"	"0.1878"	"0.0116"	"0.0000"	"7216"	"7825"	"0.9222"
"4227"	"Intervjuer"	"Intervjuere"	"4"	"103"	"3"	"244"	"0"	"125"	"7"	"0"	"0.0082"	"0.2119"	"0.0062"	"0.5021"	"0.0000"	"0.2572"	"0.0144"	"0.0000"	"486"	"743"	"0.6541"
"4229"	"Opplysningsmedarbeider"	"Andre opplysningsmedarbeidere"	"29"	"100"	"15"	"200"	"3"	"114"	"0"	"0"	"0.0629"	"0.2169"	"0.0325"	"0.4338"	"0.0065"	"0.2473"	"0.0000"	"0.0000"	"461"	"746"	"0.6180"
"4311"	"Regnskapsmedarbeider"	"Regnskapsmedarbeidere"	"245"	"1854"	"1977"	"5000"	"954"	"6055"	"1966"	"17"	"0.0136"	"0.1026"	"0.1094"	"0.2767"	"0.0528"	"0.3351"	"0.1088"	"0.0009"	"18068"	"18671"	"0.9677"
"4312"	"Forsikrings- eller finansmedarbeider"	"Forsikrings- og finansmedarbeidere"	"0"	"51"	"55"	"117"	"27"	"64"	"3"	"0"	"0.0000"	"0.1609"	"0.1735"	"0.3691"	"0.0852"	"0.2019"	"0.0095"	"0.0000"	"317"	"452"	"0.7013"
"4313"	"Lønningsmedarbeider"	"Lønningsmedarbeidere"	"7"	"269"	"258"	"689"	"81"	"336"	"32"	"0"	"0.0042"	"0.1609"	"0.1543"	"0.4121"	"0.0484"	"0.2010"	"0.0191"	"0.0000"	"1672"	"1952"	"0.8566"
"4321"	"Lagermedarbeider eller materialforvalter"	"Lagermedarbeidere og material-forvaltere"	"2176"	"10665"	"2256"	"13048"	"559"	"2504"	"328"	"38"	"0.0684"	"0.3355"	"0.0710"	"0.4104"	"0.0176"	"0.0788"	"0.0103"	"0.0012"	"31793"	"32534"	"0.9772"
"4322"	"Logistikkmedarbeider"	"Logistikkmedarbeidere"	"239"	"1330"	"354"	"2672"	"189"	"957"	"232"	"5"	"0.0400"	"0.2223"	"0.0592"	"0.4467"	"0.0316"	"0.1600"	"0.0388"	"0.0008"	"5982"	"6546"	"0.9138"
"4323"	"Transportfunksjonær"	"Transportfunksjonærer"	"150"	"1743"	"379"	"2707"	"177"	"571"	"46"	"0"	"0.0259"	"0.3009"	"0.0654"	"0.4673"	"0.0306"	"0.0986"	"0.0079"	"0.0000"	"5793"	"6303"	"0.9191"
"4411"	"Bibliotekassistent"	"Bibliotekassistenter"	"0"	"17"	"7"	"49"	"0"	"61"	"7"	"0"	"0.0000"	"0.1206"	"0.0496"	"0.3475"	"0.0000"	"0.4326"	"0.0496"	"0.0000"	"141"	"306"	"0.4608"
"4412"	"Postbud eller postsorterer"	"Postbud og postsorterere"	"63"	"1586"	"773"	"1395"	"41"	"261"	"24"	"0"	"0.0152"	"0.3822"	"0.1863"	"0.3361"	"0.0099"	"0.0629"	"0.0058"	"0.0000"	"4150"	"4503"	"0.9216"
"4415"	"Arkivassistent"	"Arkivassistenter"	"14"	"146"	"66"	"271"	"26"	"242"	"51"	"0"	"0.0172"	"0.1789"	"0.0809"	"0.3321"	"0.0319"	"0.2966"	"0.0625"	"0.0000"	"816"	"1097"	"0.7438"
"4416"	"Personalkontormedarbeider"	"Personalkontormedarbeidere"	"13"	"20"	"14"	"71"	"9"	"43"	"41"	"0"	"0.0616"	"0.0948"	"0.0664"	"0.3365"	"0.0427"	"0.2038"	"0.1943"	"0.0000"	"211"	"360"	"0.5861"
"5111"	"Flyvert, båtvert"	"Flyverter, båtverter mv."	"93"	"299"	"50"	"1065"	"115"	"429"	"21"	"0"	"0.0449"	"0.1443"	"0.0241"	"0.5140"	"0.0555"	"0.2070"	"0.0101"	"0.0000"	"2072"	"2409"	"0.8601"
"5112"	"Konduktør"	"Konduktører"	"15"	"370"	"67"	"543"	"11"	"37"	"0"	"0"	"0.0144"	"0.3547"	"0.0642"	"0.5206"	"0.0105"	"0.0355"	"0.0000"	"0.0000"	"1043"	"1292"	"0.8073"
"5113"	"Reiseleder eller guide"	"Reiseledere og guider"	"99"	"87"	"17"	"152"	"8"	"244"	"43"	"0"	"0.1523"	"0.1338"	"0.0262"	"0.2338"	"0.0123"	"0.3754"	"0.0662"	"0.0000"	"650"	"1012"	"0.6423"
"5120"	"Kokk"	"Kokker"	"2879"	"2862"	"749"	"8286"	"200"	"1017"	"188"	"46"	"0.1746"	"0.1736"	"0.0454"	"0.5026"	"0.0121"	"0.0617"	"0.0114"	"0.0028"	"16486"	"16890"	"0.9761"
"5131"	"Servitør"	"Servitører"	"3212"	"4006"	"332"	"4968"	"191"	"2666"	"422"	"94"	"0.1997"	"0.2491"	"0.0206"	"0.3089"	"0.0119"	"0.1657"	"0.0262"	"0.0058"	"16085"	"16717"	"0.9622"
"5132"	"Bartender"	"Bartendere"	"605"	"1164"	"14"	"1567"	"48"	"938"	"73"	"3"	"0.1366"	"0.2628"	"0.0032"	"0.3538"	"0.0108"	"0.2118"	"0.0165"	"0.0007"	"4429"	"4873"	"0.9089"
"5141"	"Frisør"	"Frisører"	"480"	"1491"	"113"	"6738"	"158"	"182"	"9"	"0"	"0.0521"	"0.1620"	"0.0123"	"0.7320"	"0.0172"	"0.0198"	"0.0010"	"0.0000"	"9205"	"9413"	"0.9779"
"5142"	"Kosmetolog"	"Kosmetologer mv."	"335"	"436"	"92"	"927"	"63"	"195"	"28"	"7"	"0.1579"	"0.2056"	"0.0434"	"0.4371"	"0.0297"	"0.0919"	"0.0132"	"0.0033"	"2121"	"2346"	"0.9041"
"5151"	"Renholdsleder i bedrift"	"Renholdsledere i virksomheter"	"118"	"250"	"49"	"432"	"4"	"97"	"15"	"0"	"0.1202"	"0.2546"	"0.0499"	"0.4399"	"0.0041"	"0.0988"	"0.0153"	"0.0000"	"982"	"1121"	"0.8760"
"5152"	"Husholder"	"Husholdere"	"8"	"34"	"0"	"37"	"0"	"27"	"0"	"0"	"0.0755"	"0.3208"	"0.0000"	"0.3491"	"0.0000"	"0.2547"	"0.0000"	"0.0000"	"106"	"223"	"0.4753"
"5153"	"Vaktmester"	"Vaktmestre"	"827"	"5141"	"2268"	"7867"	"935"	"1343"	"183"	"6"	"0.0444"	"0.2757"	"0.1216"	"0.4219"	"0.0501"	"0.0720"	"0.0098"	"0.0003"	"18647"	"19405"	"0.9609"
"5163"	"Begravelsesbyrå- eller krematoriearbeider"	"Begravelsesbyrå- og krematoriearbeidere"	"0"	"149"	"83"	"182"	"7"	"65"	"6"	"0"	"0.0000"	"0.3028"	"0.1687"	"0.3699"	"0.0142"	"0.1321"	"0.0122"	"0.0000"	"492"	"735"	"0.6694"
"5164"	"Dyrepasser eller - trener"	"Dyrepassere og - trenere mv."	"16"	"83"	"0"	"77"	"0"	"24"	"0"	"0"	"0.0800"	"0.4150"	"0.0000"	"0.3850"	"0.0000"	"0.1200"	"0.0000"	"0.0000"	"200"	"304"	"0.6579"
"5165"	"Kjøreskolelærer"	"Kjøreskolelærere"	"7"	"111"	"137"	"446"	"24"	"852"	"3"	"0"	"0.0044"	"0.0703"	"0.0867"	"0.2823"	"0.0152"	"0.5392"	"0.0019"	"0.0000"	"1580"	"1763"	"0.8962"
"5169"	"Personlig assistent"	"Andre personlige tjenesteytere"	"23"	"113"	"5"	"195"	"3"	"60"	"4"	"0"	"0.0571"	"0.2804"	"0.0124"	"0.4839"	"0.0074"	"0.1489"	"0.0099"	"0.0000"	"403"	"654"	"0.6162"
"5211"	"Torghandler"	"Torghandlere"	"30"	"73"	"3"	"77"	"3"	"27"	"0"	"0"	"0.1408"	"0.3427"	"0.0141"	"0.3615"	"0.0141"	"0.1268"	"0.0000"	"0.0000"	"213"	"350"	"0.6086"
"5212"	"Gateselger, mat"	"Gateselgere, mat"	"8"	"4"	"0"	"4"	"0"	"0"	"0"	"0"	"0.5000"	"0.2500"	"0.0000"	"0.2500"	"0.0000"	"0.0000"	"0.0000"	"0.0000"	"16"	"51"	"0.3137"
"5221"	"Butikk- eller kioskeier"	"Innehavere av kiosk/liten butikk"	"3"	"33"	"3"	"31"	"0"	"3"	"0"	"0"	"0.0411"	"0.4521"	"0.0411"	"0.4247"	"0.0000"	"0.0411"	"0.0000"	"0.0000"	"73"	"147"	"0.4966"
"5222"	"Butikkavdelingssjef"	"Butikkavdelingssjefer"	"145"	"1463"	"413"	"2503"	"90"	"535"	"17"	"0"	"0.0280"	"0.2827"	"0.0798"	"0.4836"	"0.0174"	"0.1034"	"0.0033"	"0.0000"	"5176"	"5613"	"0.9221"
"5223"	"Butikkmedarbeider"	"Butikkmedarbeidere"	"3734"	"37535"	"8012"	"54551"	"2841"	"21909"	"1777"	"100"	"0.0285"	"0.2867"	"0.0612"	"0.4166"	"0.0217"	"0.1673"	"0.0136"	"0.0008"	"130935"	"131850"	"0.9931"
"5230"	"Billettselger"	"Billettselgere"	"4"	"82"	"11"	"122"	"0"	"60"	"0"	"0"	"0.0143"	"0.2939"	"0.0394"	"0.4373"	"0.0000"	"0.2151"	"0.0000"	"0.0000"	"279"	"442"	"0.6312"
"5241"	"Mannekeng eller modell"	"Mannekenger og modeller"	"0"	"9"	"0"	"8"	"0"	"0"	"0"	"0"	"0.0000"	"0.5294"	"0.0000"	"0.4706"	"0.0000"	"0.0000"	"0.0000"	"0.0000"	"17"	"64"	"0.2656"
"5242"	"Demonstrasjonsselger"	"Demonstrasjonsselgere"	"7"	"89"	"13"	"130"	"0"	"9"	"0"	"0"	"0.0282"	"0.3589"	"0.0524"	"0.5242"	"0.0000"	"0.0363"	"0.0000"	"0.0000"	"248"	"379"	"0.6544"
"5243"	"Dørselger"	"Dørselgere"	"10"	"64"	"0"	"52"	"0"	"9"	"0"	"0"	"0.0741"	"0.4741"	"0.0000"	"0.3852"	"0.0000"	"0.0667"	"0.0000"	"0.0000"	"135"	"230"	"0.5870"
"5244"	"Telefon- eller nettselger"	"Telefon- og nettselgere"	"99"	"1444"	"175"	"1702"	"75"	"765"	"58"	"0"	"0.0229"	"0.3342"	"0.0405"	"0.3939"	"0.0174"	"0.1770"	"0.0134"	"0.0000"	"4321"	"4779"	"0.9042"
"5245"	"Servicemedarbeider (bensinstasjon)"	"Servicemedarbeidere (bensinstasjon)"	"105"	"796"	"66"	"734"	"0"	"191"	"0"	"0"	"0.0552"	"0.4183"	"0.0347"	"0.3857"	"0.0000"	"0.1004"	"0.0000"	"0.0000"	"1903"	"2234"	"0.8518"
"5246"	"Gatekjøkken- eller kafémedarbeider"	"Gatekjøkken- og kafémedarbeidere mv."	"1406"	"2456"	"136"	"2382"	"64"	"1011"	"146"	"18"	"0.1804"	"0.3151"	"0.0174"	"0.3056"	"0.0082"	"0.1297"	"0.0187"	"0.0023"	"7795"	"8233"	"0.9468"
"5249"	"Selger"	"Andre salgsmedarbeidere"	"62"	"507"	"69"	"705"	"22"	"301"	"24"	"0"	"0.0367"	"0.3000"	"0.0408"	"0.4172"	"0.0130"	"0.1781"	"0.0142"	"0.0000"	"1690"	"2071"	"0.8160"
"5311"	"Barnehage- eller skolefritidsassistent"	"Barnehage- og skolefritidsassistenter mv."	"2467"	"19188"	"6558"	"37579"	"1450"	"12875"	"1620"	"168"	"0.0300"	"0.2332"	"0.0797"	"0.4568"	"0.0176"	"0.1565"	"0.0197"	"0.0020"	"82273"	"83232"	"0.9885"
"5312"	"Skoleassistent"	"Skoleassistenter"	"266"	"3156"	"1152"	"4185"	"200"	"1691"	"176"	"15"	"0.0245"	"0.2901"	"0.1059"	"0.3847"	"0.0184"	"0.1554"	"0.0162"	"0.0014"	"10879"	"11558"	"0.9413"
"5321"	"Helsefagarbeider"	"Helsefagarbeidere"	"617"	"7728"	"13027"	"48710"	"4670"	"11497"	"1238"	"83"	"0.0070"	"0.0881"	"0.1486"	"0.5555"	"0.0533"	"0.1311"	"0.0141"	"0.0009"	"87681"	"88542"	"0.9903"
"5322"	"Hjemmehjelper"	"Hjemmehjelper"	"503"	"3460"	"994"	"3036"	"106"	"1613"	"190"	"22"	"0.0503"	"0.3461"	"0.0994"	"0.3037"	"0.0106"	"0.1613"	"0.0190"	"0.0022"	"9998"	"10637"	"0.9399"
"5329"	"Pleiemedarbeider"	"Andre pleiemedarbeidere"	"1592"	"15997"	"3504"	"18131"	"916"	"11562"	"1088"	"56"	"0.0299"	"0.3005"	"0.0658"	"0.3406"	"0.0172"	"0.2172"	"0.0204"	"0.0011"	"53239"	"54206"	"0.9822"
"5411"	"Brannkonstabel"	"Brannkonstabler"	"12"	"512"	"198"	"2244"	"156"	"285"	"11"	"0"	"0.0035"	"0.1498"	"0.0579"	"0.6565"	"0.0456"	"0.0834"	"0.0032"	"0.0000"	"3418"	"3752"	"0.9110"
"5413"	"Fengselsbetjent"	"Fengselsbetjenter"	"10"	"332"	"169"	"1873"	"74"	"962"	"15"	"0"	"0.0029"	"0.0967"	"0.0492"	"0.5453"	"0.0215"	"0.2801"	"0.0044"	"0.0000"	"3435"	"3874"	"0.8867"
"5414"	"Vekter"	"Vektere"	"244"	"3159"	"314"	"3847"	"153"	"1024"	"67"	"3"	"0.0277"	"0.3582"	"0.0356"	"0.4363"	"0.0174"	"0.1161"	"0.0076"	"0.0003"	"8818"	"9430"	"0.9351"
"5419"	"Sikkerhetsarbeider"	"Andre sikkerhetsarbeidere"	"126"	"788"	"100"	"909"	"35"	"394"	"73"	"0"	"0.0518"	"0.3240"	"0.0411"	"0.3738"	"0.0144"	"0.1620"	"0.0300"	"0.0000"	"2432"	"2916"	"0.8340"
"6111"	"Korn- eller grønnsaksprodusent"	"Korn- og grønnsaksprodusenter"	"14"	"22"	"3"	"15"	"0"	"0"	"0"	"0"	"0.2593"	"0.4074"	"0.0556"	"0.2778"	"0.0000"	"0.0000"	"0.0000"	"0.0000"	"54"	"104"	"0.5192"
"6113"	"Gartner"	"Gartnere"	"553"	"696"	"332"	"1649"	"74"	"305"	"90"	"4"	"0.1486"	"0.1870"	"0.0892"	"0.4430"	"0.0199"	"0.0819"	"0.0242"	"0.0011"	"3722"	"4080"	"0.9123"
"6121"	"Melke- eller husdyrprodusent"	"Melke- og husdyrprodusenter"	"301"	"602"	"245"	"869"	"11"	"228"	"67"	"3"	"0.1290"	"0.2579"	"0.1050"	"0.3723"	"0.0047"	"0.0977"	"0.0287"	"0.0013"	"2334"	"2691"	"0.8673"
"6122"	"Egg- eller fjærfeprodusent"	"Egg- og fjærfeprodusenter"	"41"	"69"	"3"	"32"	"0"	"0"	"0"	"0"	"0.2828"	"0.4759"	"0.0207"	"0.2207"	"0.0000"	"0.0000"	"0.0000"	"0.0000"	"145"	"225"	"0.6444"
"6129"	"Pelsdyrrøkter"	"Andre dyreoppdrettere og røktere"	"4"	"0"	"0"	"0"	"0"	"0"	"0"	"0"	"1.0000"	"0.0000"	"0.0000"	"0.0000"	"0.0000"	"0.0000"	"0.0000"	"0.0000"	"4"	"12"	"0.3333"
"6130"	"Plante- eller husdyrprodusent (kombinasjonsbruk)"	"Plante- og husdyrprodusenter (kombinasjonsbruk)"	"471"	"815"	"473"	"1279"	"10"	"306"	"58"	"3"	"0.1368"	"0.2366"	"0.1373"	"0.3714"	"0.0029"	"0.0889"	"0.0168"	"0.0009"	"3444"	"3855"	"0.8934"
"6210"	"Skogbruker"	"Skogbrukere"	"75"	"144"	"24"	"217"	"0"	"10"	"0"	"0"	"0.1586"	"0.3044"	"0.0507"	"0.4588"	"0.0000"	"0.0211"	"0.0000"	"0.0000"	"473"	"586"	"0.8072"
"6221"	"Havbruksarbeider"	"Havbruksarbeidere"	"189"	"1095"	"132"	"2713"	"101"	"351"	"89"	"0"	"0.0404"	"0.2339"	"0.0282"	"0.5796"	"0.0216"	"0.0750"	"0.0190"	"0.0000"	"4681"	"5057"	"0.9256"
"6222"	"Fisker"	"Fiskere"	"85"	"154"	"6"	"70"	"12"	"10"	"0"	"0"	"0.2493"	"0.4516"	"0.0176"	"0.2053"	"0.0352"	"0.0293"	"0.0000"	"0.0000"	"341"	"446"	"0.7646"
"7112"	"Murer"	"Murere"	"909"	"701"	"164"	"1947"	"88"	"126"	"4"	"0"	"0.2289"	"0.1765"	"0.0413"	"0.4903"	"0.0222"	"0.0317"	"0.0010"	"0.0000"	"3971"	"4125"	"0.9627"
"7113"	"Steinhogger"	"Steinhoggere mv."	"60"	"165"	"22"	"260"	"0"	"7"	"0"	"0"	"0.1167"	"0.3210"	"0.0428"	"0.5058"	"0.0000"	"0.0136"	"0.0000"	"0.0000"	"514"	"620"	"0.8290"
"7114"	"Betongarbeider"	"Betongarbeidere"	"1540"	"1608"	"386"	"4341"	"127"	"250"	"57"	"9"	"0.1847"	"0.1929"	"0.0463"	"0.5207"	"0.0152"	"0.0300"	"0.0068"	"0.0011"	"8337"	"8584"	"0.9712"
"7115"	"Tømrer eller snekker"	"Tømrere og snekkere"	"7513"	"5690"	"1480"	"22732"	"1203"	"1348"	"280"	"21"	"0.1862"	"0.1410"	"0.0367"	"0.5634"	"0.0298"	"0.0334"	"0.0069"	"0.0005"	"40349"	"40840"	"0.9880"
"7119"	"Bygningsarbeider"	"Andre bygningsarbeidere"	"596"	"540"	"17"	"1199"	"18"	"76"	"15"	"0"	"0.2408"	"0.2182"	"0.0069"	"0.4844"	"0.0073"	"0.0307"	"0.0061"	"0.0000"	"2475"	"2697"	"0.9177"
"7121"	"Taktekker"	"Taktekkere"	"301"	"301"	"14"	"424"	"5"	"60"	"6"	"0"	"0.2709"	"0.2709"	"0.0126"	"0.3816"	"0.0045"	"0.0540"	"0.0054"	"0.0000"	"1111"	"1241"	"0.8952"
"7122"	"Gulv- eller flislegger"	"Gulv- og flisleggere"	"596"	"374"	"44"	"515"	"7"	"64"	"14"	"0"	"0.3661"	"0.2297"	"0.0270"	"0.3163"	"0.0043"	"0.0393"	"0.0086"	"0.0000"	"1628"	"1767"	"0.9213"
"7123"	"Gips- eller sparklingsarbeider"	"Gips- og sparklingsarbeidere"	"9"	"0"	"0"	"0"	"0"	"0"	"0"	"0"	"1.0000"	"0.0000"	"0.0000"	"0.0000"	"0.0000"	"0.0000"	"0.0000"	"0.0000"	"9"	"21"	"0.4286"
"7124"	"Isolatør"	"Isolatører mv."	"135"	"221"	"21"	"459"	"3"	"19"	"4"	"0"	"0.1561"	"0.2555"	"0.0243"	"0.5306"	"0.0035"	"0.0220"	"0.0046"	"0.0000"	"865"	"1003"	"0.8624"
"7125"	"Glassarbeider"	"Glassarbeidere"	"177"	"339"	"35"	"463"	"7"	"5"	"0"	"0"	"0.1725"	"0.3304"	"0.0341"	"0.4513"	"0.0068"	"0.0049"	"0.0000"	"0.0000"	"1026"	"1196"	"0.8579"
"7126"	"Rørlegger eller VVS-montør"	"Rørleggere og VVS-montører"	"1201"	"2612"	"607"	"9821"	"486"	"310"	"54"	"8"	"0.0794"	"0.1728"	"0.0401"	"0.6495"	"0.0321"	"0.0205"	"0.0036"	"0.0005"	"15120"	"15452"	"0.9785"
"7127"	"Kuldemontør"	"Kuldemontører mv."	"53"	"166"	"17"	"616"	"60"	"5"	"3"	"0"	"0.0576"	"0.1804"	"0.0185"	"0.6696"	"0.0652"	"0.0054"	"0.0033"	"0.0000"	"920"	"1044"	"0.8812"
"7131"	"Maler eller byggtapetserer"	"Malere og byggtapetserere"	"1694"	"1206"	"182"	"2479"	"48"	"243"	"59"	"3"	"0.2848"	"0.2028"	"0.0306"	"0.4168"	"0.0081"	"0.0409"	"0.0099"	"0.0005"	"5947"	"6209"	"0.9578"
"7132"	"Overflatebehandler eller lakkerer"	"Overflatebehandlere og lakkerere"	"325"	"502"	"76"	"1335"	"18"	"42"	"4"	"0"	"0.1403"	"0.2168"	"0.0328"	"0.5764"	"0.0078"	"0.0181"	"0.0017"	"0.0000"	"2316"	"2476"	"0.9354"
"7133"	"Feier, fasaderenholder"	"Feiere, fasaderenholdere mv."	"30"	"80"	"3"	"570"	"4"	"0"	"0"	"0"	"0.0437"	"0.1164"	"0.0044"	"0.8297"	"0.0058"	"0.0000"	"0.0000"	"0.0000"	"687"	"777"	"0.8842"
"7211"	"Støper"	"Støpere"	"24"	"168"	"23"	"92"	"0"	"3"	"0"	"0"	"0.0757"	"0.5300"	"0.0726"	"0.2902"	"0.0000"	"0.0095"	"0.0000"	"0.0000"	"317"	"392"	"0.8087"
"7212"	"Sveiser"	"Sveisere"	"583"	"961"	"328"	"2706"	"106"	"141"	"29"	"0"	"0.1194"	"0.1968"	"0.0672"	"0.5543"	"0.0217"	"0.0289"	"0.0059"	"0.0000"	"4882"	"5080"	"0.9610"
"7213"	"Kopper- eller blikkenslager"	"Kopper- og blikkenslagere"	"370"	"848"	"155"	"2495"	"57"	"57"	"11"	"0"	"0.0924"	"0.2118"	"0.0387"	"0.6231"	"0.0142"	"0.0142"	"0.0027"	"0.0000"	"4004"	"4205"	"0.9522"
"7214"	"Platearbeider"	"Platearbeidere"	"374"	"701"	"250"	"2202"	"69"	"63"	"8"	"0"	"0.1019"	"0.1909"	"0.0681"	"0.5997"	"0.0188"	"0.0172"	"0.0022"	"0.0000"	"3672"	"3861"	"0.9510"
"7215"	"Rigger eller spleiser"	"Riggere og spleisere"	"38"	"233"	"6"	"284"	"20"	"7"	"0"	"0"	"0.0646"	"0.3963"	"0.0102"	"0.4830"	"0.0340"	"0.0119"	"0.0000"	"0.0000"	"588"	"790"	"0.7443"
"7221"	"Smed"	"Smeder"	"17"	"60"	"3"	"53"	"0"	"0"	"0"	"0"	"0.1278"	"0.4511"	"0.0226"	"0.3985"	"0.0000"	"0.0000"	"0.0000"	"0.0000"	"133"	"203"	"0.6552"
"7222"	"Verktøymaker, låsesmed"	"Verktøymaker, låsesmeder mv."	"63"	"213"	"68"	"1286"	"38"	"34"	"8"	"0"	"0.0368"	"0.1246"	"0.0398"	"0.7520"	"0.0222"	"0.0199"	"0.0047"	"0.0000"	"1710"	"1858"	"0.9203"
"7223"	"Metalldreier"	"Metalldreiere mv."	"96"	"584"	"172"	"1583"	"58"	"48"	"9"	"0"	"0.0376"	"0.2290"	"0.0675"	"0.6208"	"0.0227"	"0.0188"	"0.0035"	"0.0000"	"2550"	"2784"	"0.9159"
"7224"	"Metallsliper"	"Metallslipere"	"4"	"23"	"0"	"17"	"0"	"0"	"0"	"0"	"0.0909"	"0.5227"	"0.0000"	"0.3864"	"0.0000"	"0.0000"	"0.0000"	"0.0000"	"44"	"78"	"0.5641"
"7231"	"Bilmekaniker"	"Bilmekanikere"	"1284"	"3038"	"662"	"12285"	"370"	"312"	"57"	"6"	"0.0711"	"0.1682"	"0.0367"	"0.6802"	"0.0205"	"0.0173"	"0.0032"	"0.0003"	"18061"	"18358"	"0.9838"
"7232"	"Flymekaniker"	"Mekanikere innen flytekniske fag"	"31"	"146"	"92"	"1258"	"92"	"56"	"0"	"0"	"0.0185"	"0.0872"	"0.0549"	"0.7510"	"0.0549"	"0.0334"	"0.0000"	"0.0000"	"1675"	"1820"	"0.9203"
"7233"	"Anleggsmaskin- eller industrimekaniker"	"Anleggsmaskin- og industrimekanikere"	"706"	"2555"	"980"	"10996"	"713"	"421"	"61"	"11"	"0.0429"	"0.1552"	"0.0595"	"0.6681"	"0.0433"	"0.0256"	"0.0037"	"0.0007"	"16459"	"16817"	"0.9787"
"7234"	"Sykkelreparatør"	"Sykkelreparatører mv."	"13"	"15"	"3"	"12"	"0"	"0"	"0"	"0"	"0.3023"	"0.3488"	"0.0698"	"0.2791"	"0.0000"	"0.0000"	"0.0000"	"0.0000"	"43"	"90"	"0.4778"
"7311"	"Presisjonsinstrumentmaker eller -reparatør"	"Presisjonsinstrumentmakere og -reparatører"	"3"	"68"	"23"	"309"	"10"	"7"	"0"	"0"	"0.0071"	"0.1619"	"0.0548"	"0.7357"	"0.0238"	"0.0167"	"0.0000"	"0.0000"	"420"	"550"	"0.7636"
"7312"	"Musikkinstrumentmaker eller -stemmer"	"Musikkinstrumentmakere og -stemmere"	"5"	"6"	"0"	"6"	"0"	"3"	"0"	"0"	"0.2500"	"0.3000"	"0.0000"	"0.3000"	"0.0000"	"0.1500"	"0.0000"	"0.0000"	"20"	"53"	"0.3774"
"7313"	"Gull- eller sølvsmed, gravør"	"Gull- og sølvsmeder, gravører mv."	"8"	"42"	"13"	"164"	"0"	"28"	"0"	"0"	"0.0314"	"0.1647"	"0.0510"	"0.6431"	"0.0000"	"0.1098"	"0.0000"	"0.0000"	"255"	"356"	"0.7163"
"7314"	"Keramiker"	"Keramikere mv."	"0"	"4"	"0"	"0"	"0"	"0"	"0"	"0"	"0.0000"	"1.0000"	"0.0000"	"0.0000"	"0.0000"	"0.0000"	"0.0000"	"0.0000"	"4"	"17"	"0.2353"
"7315"	"Glasshåndverker"	"Glasshåndverkere"	"7"	"27"	"0"	"32"	"0"	"11"	"0"	"0"	"0.0909"	"0.3506"	"0.0000"	"0.4156"	"0.0000"	"0.1429"	"0.0000"	"0.0000"	"77"	"111"	"0.6937"
"7318"	"Vever, strikker (innen husflidsproduksjon)"	"Vevere, strikkere mv. (innen husflidsproduksjon)"	"30"	"71"	"21"	"71"	"0"	"12"	"0"	"0"	"0.1422"	"0.3365"	"0.0995"	"0.3365"	"0.0000"	"0.0569"	"0.0000"	"0.0000"	"211"	"334"	"0.6317"
"7319"	"Kunsthåndverker"	"Andre kunsthåndverkere"	"11"	"59"	"0"	"23"	"0"	"0"	"0"	"0"	"0.1183"	"0.6344"	"0.0000"	"0.2473"	"0.0000"	"0.0000"	"0.0000"	"0.0000"	"93"	"140"	"0.6643"
"7321"	"Førtrykker"	"Førtrykkere"	"21"	"142"	"48"	"644"	"48"	"120"	"17"	"0"	"0.0202"	"0.1365"	"0.0462"	"0.6192"	"0.0462"	"0.1154"	"0.0163"	"0.0000"	"1040"	"1212"	"0.8581"
"7322"	"Trykker"	"Trykkere"	"43"	"253"	"70"	"709"	"3"	"62"	"6"	"0"	"0.0375"	"0.2208"	"0.0611"	"0.6187"	"0.0026"	"0.0541"	"0.0052"	"0.0000"	"1146"	"1317"	"0.8702"
"7323"	"Innbinder"	"Innbindere mv."	"20"	"89"	"0"	"82"	"0"	"3"	"0"	"0"	"0.1031"	"0.4588"	"0.0000"	"0.4227"	"0.0000"	"0.0155"	"0.0000"	"0.0000"	"194"	"281"	"0.6904"
"7411"	"Elektriker"	"Elektrikere"	"823"	"2436"	"616"	"18302"	"2704"	"887"	"104"	"18"	"0.0318"	"0.0941"	"0.0238"	"0.7068"	"0.1044"	"0.0343"	"0.0040"	"0.0007"	"25895"	"26234"	"0.9871"
"7412"	"Automatiker"	"Automatikere"	"106"	"308"	"131"	"3730"	"397"	"209"	"21"	"0"	"0.0216"	"0.0628"	"0.0267"	"0.7609"	"0.0810"	"0.0426"	"0.0043"	"0.0000"	"4902"	"5097"	"0.9617"
"7413"	"Energimontører"	"Energimontører"	"40"	"502"	"91"	"2997"	"223"	"33"	"0"	"0"	"0.0103"	"0.1292"	"0.0234"	"0.7712"	"0.0574"	"0.0085"	"0.0000"	"0.0000"	"3886"	"4053"	"0.9588"
"7421"	"Serviceelektroniker"	"Serviceelektronikere"	"42"	"143"	"55"	"951"	"76"	"55"	"5"	"0"	"0.0317"	"0.1078"	"0.0414"	"0.7167"	"0.0573"	"0.0414"	"0.0038"	"0.0000"	"1327"	"1535"	"0.8645"
"7422"	"Tele- eller IKT-installatør"	"Tele- og IKT-installatører"	"72"	"577"	"63"	"1733"	"96"	"75"	"8"	"0"	"0.0274"	"0.2199"	"0.0240"	"0.6604"	"0.0366"	"0.0286"	"0.0030"	"0.0000"	"2624"	"2909"	"0.9020"
"7511"	"Slakter, fiskehandler"	"Slaktere, fiskehandlere mv."	"524"	"413"	"62"	"876"	"0"	"66"	"11"	"0"	"0.2653"	"0.2091"	"0.0314"	"0.4435"	"0.0000"	"0.0334"	"0.0056"	"0.0000"	"1975"	"2111"	"0.9356"
"7512"	"Baker, konditor"	"Bakere, konditorer mv."	"163"	"217"	"39"	"913"	"3"	"36"	"5"	"0"	"0.1179"	"0.1569"	"0.0282"	"0.6602"	"0.0022"	"0.0260"	"0.0036"	"0.0000"	"1383"	"1510"	"0.9159"
"7515"	"Kvalitetsbedømmer, mat/drikke"	"Prøvesmakere og kvalitetsbedømmere av mat og drikke"	"0"	"6"	"0"	"11"	"0"	"0"	"0"	"0"	"0.0000"	"0.3529"	"0.0000"	"0.6471"	"0.0000"	"0.0000"	"0.0000"	"0.0000"	"17"	"63"	"0.2698"
"7522"	"Møbelsnekker"	"Møbelsnekkere"	"272"	"423"	"74"	"666"	"15"	"77"	"9"	"0"	"0.1764"	"0.2743"	"0.0480"	"0.4319"	"0.0097"	"0.0499"	"0.0058"	"0.0000"	"1542"	"1796"	"0.8586"
"7531"	"Skredder, buntmaker"	"Skreddere, buntmakere mv."	"29"	"50"	"10"	"158"	"18"	"45"	"0"	"0"	"0.0915"	"0.1577"	"0.0315"	"0.4984"	"0.0568"	"0.1420"	"0.0000"	"0.0000"	"317"	"430"	"0.7372"
"7532"	"Gradør"	"Gradører"	"3"	"13"	"0"	"7"	"0"	"3"	"0"	"0"	"0.1154"	"0.5000"	"0.0000"	"0.2692"	"0.0000"	"0.1154"	"0.0000"	"0.0000"	"26"	"52"	"0.5000"
"7534"	"Møbeltapetserer"	"Møbeltapetserere mv."	"24"	"93"	"9"	"120"	"3"	"14"	"0"	"0"	"0.0902"	"0.3496"	"0.0338"	"0.4511"	"0.0113"	"0.0526"	"0.0000"	"0.0000"	"266"	"347"	"0.7666"
"7535"	"Skinnbereder eller garver"	"Skinnberedere og garvere"	"7"	"35"	"0"	"14"	"0"	"3"	"0"	"0"	"0.1186"	"0.5932"	"0.0000"	"0.2373"	"0.0000"	"0.0508"	"0.0000"	"0.0000"	"59"	"121"	"0.4876"
"7536"	"Skomaker"	"Skomakere"	"5"	"14"	"0"	"14"	"0"	"0"	"0"	"0"	"0.1515"	"0.4242"	"0.0000"	"0.4242"	"0.0000"	"0.0000"	"0.0000"	"0.0000"	"33"	"49"	"0.6735"
"7541"	"Yrkesdykker"	"Yrkesdykkere"	"49"	"124"	"0"	"97"	"37"	"14"	"0"	"0"	"0.1526"	"0.3863"	"0.0000"	"0.3022"	"0.1153"	"0.0436"	"0.0000"	"0.0000"	"321"	"426"	"0.7535"
"7542"	"Skytebas eller sprengningsarbeider"	"Skytebaser og sprengningsarbeidere"	"25"	"251"	"47"	"676"	"12"	"4"	"0"	"0"	"0.0246"	"0.2473"	"0.0463"	"0.6660"	"0.0118"	"0.0039"	"0.0000"	"0.0000"	"1015"	"1143"	"0.8880"
"7543"	"Produkttester (ikke matprodukter)"	"Produkttestere (ikke matprodukter)"	"0"	"8"	"0"	"5"	"0"	"0"	"0"	"0"	"0.0000"	"0.6154"	"0.0000"	"0.3846"	"0.0000"	"0.0000"	"0.0000"	"0.0000"	"13"	"43"	"0.3023"
"7544"	"Desinfeksjonsarbeider eller skadedyrbekjemper"	"Desinfeksjonsarbeidere og skadedyrbekjempere"	"7"	"112"	"7"	"79"	"0"	"0"	"0"	"0"	"0.0341"	"0.5463"	"0.0341"	"0.3854"	"0.0000"	"0.0000"	"0.0000"	"0.0000"	"205"	"308"	"0.6656"
"7549"	"Håndverker"	"Andre håndverkere"	"16"	"127"	"34"	"568"	"14"	"15"	"0"	"0"	"0.0207"	"0.1641"	"0.0439"	"0.7339"	"0.0181"	"0.0194"	"0.0000"	"0.0000"	"774"	"909"	"0.8515"
"8111"	"Bergfagarbeider"	"Bergfagarbeidere"	"11"	"216"	"22"	"324"	"13"	"3"	"0"	"0"	"0.0187"	"0.3667"	"0.0374"	"0.5501"	"0.0221"	"0.0051"	"0.0000"	"0.0000"	"589"	"698"	"0.8438"
"8112"	"Prosessoperatør (oppredning)"	"Prosessoperatører (oppredning)"	"0"	"24"	"0"	"72"	"4"	"0"	"0"	"0"	"0.0000"	"0.2400"	"0.0000"	"0.7200"	"0.0400"	"0.0000"	"0.0000"	"0.0000"	"100"	"136"	"0.7353"
"8113"	"Boreoperatør"	"Operatører innen boring mv."	"99"	"1155"	"426"	"5869"	"1911"	"633"	"116"	"3"	"0.0097"	"0.1131"	"0.0417"	"0.5745"	"0.1871"	"0.0620"	"0.0114"	"0.0003"	"10215"	"10601"	"0.9636"
"8114"	"Operatør innen produksjon av betong"	"Operatører innen produksjon av betong mv."	"285"	"515"	"83"	"874"	"15"	"65"	"12"	"0"	"0.1534"	"0.2772"	"0.0447"	"0.4704"	"0.0081"	"0.0350"	"0.0065"	"0.0000"	"1858"	"2041"	"0.9103"
"8121"	"Operatør innen metallurgiske prosessfag"	"Operatører innen metallurgiske prosessfag"	"304"	"2170"	"539"	"3469"	"140"	"195"	"31"	"0"	"0.0441"	"0.3149"	"0.0782"	"0.5035"	"0.0203"	"0.0283"	"0.0045"	"0.0000"	"6890"	"7231"	"0.9528"
"8131"	"Operatør i kjemisk industri"	"Operatører innen kjemisk industri"	"152"	"1690"	"356"	"5437"	"287"	"287"	"16"	"0"	"0.0184"	"0.2049"	"0.0432"	"0.6591"	"0.0348"	"0.0348"	"0.0019"	"0.0000"	"8249"	"8635"	"0.9553"
"8132"	"Operatør i produksjon av fotofilm eller -papir"	"Operatører innen produksjon av fotofilm og -papir mv."	"5"	"8"	"0"	"11"	"0"	"3"	"0"	"0"	"0.1852"	"0.2963"	"0.0000"	"0.4074"	"0.0000"	"0.1111"	"0.0000"	"0.0000"	"27"	"63"	"0.4286"
"8141"	"Operatør, produksjon av gummiprodukt"	"Operatører innen produksjon av gummiprodukter"	"15"	"107"	"6"	"72"	"0"	"7"	"0"	"0"	"0.0698"	"0.4977"	"0.0279"	"0.3349"	"0.0000"	"0.0326"	"0.0000"	"0.0000"	"215"	"305"	"0.7049"
"8142"	"Operatør, plastprodukt"	"Operatører innen plastprodukter"	"189"	"750"	"140"	"894"	"14"	"76"	"14"	"0"	"0.0903"	"0.3585"	"0.0669"	"0.4273"	"0.0067"	"0.0363"	"0.0067"	"0.0000"	"2092"	"2336"	"0.8955"
"8143"	"Operatør, papir"	"Operatører innen papirprodukter"	"7"	"202"	"9"	"134"	"0"	"3"	"0"	"0"	"0.0196"	"0.5642"	"0.0251"	"0.3743"	"0.0000"	"0.0084"	"0.0000"	"0.0000"	"358"	"457"	"0.7834"
"8151"	"Spinne- eller nøstemaskinoperatør"	"Spinne- og nøstemaskinoperatører"	"17"	"38"	"0"	"16"	"0"	"3"	"0"	"0"	"0.2297"	"0.5135"	"0.0000"	"0.2162"	"0.0000"	"0.0405"	"0.0000"	"0.0000"	"74"	"116"	"0.6379"
"8152"	"Operatør i tekstilproduksjon"	"Operatører innen tekstilproduksjon mv."	"80"	"309"	"25"	"181"	"3"	"31"	"0"	"0"	"0.1250"	"0.4828"	"0.0391"	"0.2828"	"0.0047"	"0.0484"	"0.0000"	"0.0000"	"640"	"816"	"0.7843"
"8153"	"Industrisyer"	"Industrisyere"	"67"	"299"	"96"	"196"	"5"	"25"	"13"	"0"	"0.0940"	"0.4194"	"0.1346"	"0.2749"	"0.0070"	"0.0351"	"0.0182"	"0.0000"	"713"	"882"	"0.8084"
"8154"	"Operatør, tekstilbearbeiding"	"Operatører innen tekstilbearbeiding"	"0"	"28"	"0"	"3"	"0"	"0"	"0"	"0"	"0.0000"	"0.9032"	"0.0000"	"0.0968"	"0.0000"	"0.0000"	"0.0000"	"0.0000"	"31"	"70"	"0.4429"
"8156"	"Operatør, skinn eller lærprodukter"	"Operatører innen skinn og lærprodukter"	"10"	"8"	"0"	"0"	"0"	"0"	"0"	"0"	"0.5556"	"0.4444"	"0.0000"	"0.0000"	"0.0000"	"0.0000"	"0.0000"	"0.0000"	"18"	"52"	"0.3462"
"8157"	"Renseri- eller vaskerimaskinoperatør"	"Renseri- og vaskerimaskinoperatører"	"345"	"892"	"191"	"334"	"8"	"110"	"15"	"3"	"0.1736"	"0.4489"	"0.0961"	"0.1681"	"0.0040"	"0.0554"	"0.0075"	"0.0015"	"1987"	"2168"	"0.9165"
"8160"	"Næringsmiddelproduksjonsarbeider"	"Operatører innen næringsmiddelproduksjon"	"4227"	"5649"	"1096"	"7151"	"284"	"1413"	"375"	"39"	"0.2050"	"0.2740"	"0.0532"	"0.3468"	"0.0138"	"0.0685"	"0.0182"	"0.0019"	"20619"	"21221"	"0.9716"
"8171"	"Treforedlingsarbeider"	"Operatører innen treforedling"	"151"	"812"	"145"	"1321"	"32"	"75"	"14"	"0"	"0.0589"	"0.3166"	"0.0565"	"0.5150"	"0.0125"	"0.0292"	"0.0055"	"0.0000"	"2565"	"2815"	"0.9112"
"8172"	"Trelastarbeider"	"Operatører innen trelastproduksjon"	"226"	"1166"	"268"	"1462"	"41"	"86"	"17"	"0"	"0.0688"	"0.3551"	"0.0816"	"0.4452"	"0.0125"	"0.0262"	"0.0052"	"0.0000"	"3284"	"3561"	"0.9222"
"8181"	"Operatør (glass- eller keramikk)"	"Operatører innen glass- og keramisk produksjon"	"99"	"449"	"43"	"466"	"12"	"54"	"8"	"0"	"0.0862"	"0.3911"	"0.0375"	"0.4059"	"0.0105"	"0.0470"	"0.0070"	"0.0000"	"1148"	"1362"	"0.8429"
"8182"	"Fyrkjele- eller turbinoperatør"	"Fyrkjele- og turbinoperatører"	"11"	"209"	"69"	"634"	"33"	"11"	"3"	"0"	"0.0113"	"0.2155"	"0.0711"	"0.6536"	"0.0340"	"0.0113"	"0.0031"	"0.0000"	"970"	"1149"	"0.8442"
"8183"	"Pakke-, tappe- eller etikettmaskinoperatør"	"Pakke-, tappe- og etikettmaskinoperatører"	"50"	"271"	"21"	"320"	"6"	"23"	"3"	"3"	"0.0713"	"0.3866"	"0.0300"	"0.4565"	"0.0086"	"0.0328"	"0.0043"	"0.0043"	"701"	"851"	"0.8237"
"8211"	"Montører av mekaniske produkter"	"Montører av mekaniske produkter"	"140"	"359"	"75"	"586"	"31"	"30"	"4"	"0"	"0.1143"	"0.2931"	"0.0612"	"0.4784"	"0.0253"	"0.0245"	"0.0033"	"0.0000"	"1225"	"1422"	"0.8615"
"8212"	"Montør av elektriske eller elektroniske produkt"	"Montører av elektriske og elektroniske produkter"	"90"	"842"	"295"	"1372"	"95"	"107"	"38"	"0"	"0.0315"	"0.2951"	"0.1034"	"0.4809"	"0.0333"	"0.0375"	"0.0133"	"0.0000"	"2853"	"3100"	"0.9203"
"8219"	"Montør"	"Andre montører"	"5"	"13"	"0"	"4"	"0"	"0"	"0"	"0"	"0.2273"	"0.5909"	"0.0000"	"0.1818"	"0.0000"	"0.0000"	"0.0000"	"0.0000"	"22"	"41"	"0.5366"
"8311"	"Lokomotiv- eller T-banefører"	"Lokomotiv og T-baneførere"	"16"	"154"	"257"	"486"	"402"	"137"	"4"	"0"	"0.0110"	"0.1058"	"0.1765"	"0.3338"	"0.2761"	"0.0941"	"0.0027"	"0.0000"	"1456"	"1767"	"0.8240"
"8312"	"Skiftekonduktør"	"Skiftekonduktører mv"	"0"	"34"	"0"	"29"	"0"	"0"	"0"	"0"	"0.0000"	"0.5397"	"0.0000"	"0.4603"	"0.0000"	"0.0000"	"0.0000"	"0.0000"	"63"	"109"	"0.5780"
"8322"	"Bil-, drosje- eller varebilfører"	"Bil-, drosje- og varebilførere"	"1299"	"5941"	"1078"	"3970"	"246"	"1112"	"182"	"17"	"0.0919"	"0.4203"	"0.0763"	"0.2808"	"0.0174"	"0.0787"	"0.0129"	"0.0012"	"14136"	"14710"	"0.9610"
"8331"	"Bussjåfør eller trikkefører"	"Bussjåfører og trikkeførere"	"1033"	"3706"	"1536"	"5485"	"298"	"936"	"195"	"10"	"0.0770"	"0.2763"	"0.1145"	"0.4090"	"0.0222"	"0.0698"	"0.0145"	"0.0007"	"13411"	"13951"	"0.9613"
"8332"	"Lastebil- eller trailersjåfører"	"Lastebil- og trailersjåfører"	"1938"	"9170"	"2121"	"9232"	"343"	"484"	"109"	"16"	"0.0826"	"0.3909"	"0.0904"	"0.3935"	"0.0146"	"0.0206"	"0.0046"	"0.0007"	"23459"	"23865"	"0.9830"
"8341"	"Jordbruks- eller skogbruksmaskinfører"	"Jordbruks- og skogbruksmaskinførere"	"3"	"211"	"18"	"306"	"0"	"0"	"0"	"0"	"0.0056"	"0.3922"	"0.0335"	"0.5688"	"0.0000"	"0.0000"	"0.0000"	"0.0000"	"538"	"634"	"0.8486"
"8342"	"Anleggsmaskinfører"	"Anleggsmaskinførere"	"572"	"5648"	"1253"	"10431"	"344"	"231"	"27"	"3"	"0.0309"	"0.3047"	"0.0676"	"0.5628"	"0.0186"	"0.0125"	"0.0015"	"0.0002"	"18535"	"18919"	"0.9797"
"8343"	"Kran- eller heisfører"	"Kran- og heisførere mv."	"100"	"579"	"127"	"587"	"13"	"22"	"4"	"0"	"0.0698"	"0.4043"	"0.0887"	"0.4099"	"0.0091"	"0.0154"	"0.0028"	"0.0000"	"1432"	"1609"	"0.8900"
"8344"	"Truckfører"	"Truckførere"	"48"	"329"	"36"	"221"	"3"	"3"	"0"	"0"	"0.0750"	"0.5141"	"0.0563"	"0.3453"	"0.0047"	"0.0047"	"0.0000"	"0.0000"	"640"	"779"	"0.8216"
"8350"	"Dekks- eller maskinmannskap (skip)"	"Dekks- og maskinmannskap (skip)"	"71"	"1654"	"248"	"2396"	"516"	"157"	"3"	"0"	"0.0141"	"0.3278"	"0.0492"	"0.4749"	"0.1023"	"0.0311"	"0.0006"	"0.0000"	"5045"	"5324"	"0.9476"
"9111"	"Renholder i private hjem"	"Renholdere i private hjem"	"83"	"44"	"0"	"25"	"0"	"14"	"12"	"0"	"0.4586"	"0.2431"	"0.0000"	"0.1381"	"0.0000"	"0.0773"	"0.0663"	"0.0000"	"181"	"247"	"0.7328"
"9112"	"Renholder i bedrift"	"Renholdere i virksomheter"	"11025"	"15544"	"3341"	"14423"	"518"	"4639"	"1325"	"250"	"0.2059"	"0.2903"	"0.0624"	"0.2694"	"0.0097"	"0.0866"	"0.0247"	"0.0047"	"53547"	"54242"	"0.9872"
"9122"	"Bilvasker"	"Bilvaskere"	"581"	"1034"	"67"	"652"	"11"	"127"	"20"	"0"	"0.2257"	"0.4017"	"0.0260"	"0.2533"	"0.0043"	"0.0493"	"0.0078"	"0.0000"	"2574"	"2818"	"0.9134"
"9123"	"Vinduspusser"	"Vinduspussere"	"20"	"18"	"0"	"11"	"0"	"0"	"0"	"0"	"0.4082"	"0.3673"	"0.0000"	"0.2245"	"0.0000"	"0.0000"	"0.0000"	"0.0000"	"49"	"76"	"0.6447"
"9211"	"Hjelpearbeider i nyttevekstproduksjon"	"Hjelpearbeidere i nyttevekstproduksjon"	"18"	"0"	"0"	"0"	"0"	"0"	"0"	"0"	"1.0000"	"0.0000"	"0.0000"	"0.0000"	"0.0000"	"0.0000"	"0.0000"	"0.0000"	"18"	"43"	"0.4186"
"9212"	"Hjelpearbeider i husdyrproduksjon"	"Hjelpearbeidere i husdyrproduksjon"	"53"	"149"	"0"	"130"	"12"	"7"	"0"	"0"	"0.1510"	"0.4245"	"0.0000"	"0.3704"	"0.0342"	"0.0199"	"0.0000"	"0.0000"	"351"	"462"	"0.7597"
"9213"	"Hjelpearbeider i kombinasjonsbruk"	"Hjelpearbeidere i kombinasjonsbruk"	"63"	"52"	"4"	"43"	"0"	"6"	"3"	"0"	"0.3621"	"0.2989"	"0.0230"	"0.2471"	"0.0000"	"0.0345"	"0.0172"	"0.0000"	"174"	"230"	"0.7565"
"9214"	"Hjelpearbeider i gartneri"	"Hjelpearbeidere i gartneri mv."	"211"	"272"	"47"	"231"	"7"	"30"	"8"	"0"	"0.2589"	"0.3337"	"0.0577"	"0.2834"	"0.0086"	"0.0368"	"0.0098"	"0.0000"	"815"	"1013"	"0.8045"
"9215"	"Hjelpearbeider i skogbruk"	"Hjelpearbeidere i skogbruk"	"14"	"16"	"0"	"0"	"0"	"0"	"0"	"0"	"0.4667"	"0.5333"	"0.0000"	"0.0000"	"0.0000"	"0.0000"	"0.0000"	"0.0000"	"30"	"38"	"0.7895"
"9216"	"Hjelpearbeider, havbruk"	"Hjelpearbeidere innen havbruk"	"0"	"8"	"0"	"3"	"0"	"3"	"0"	"0"	"0.0000"	"0.5714"	"0.0000"	"0.2143"	"0.0000"	"0.2143"	"0.0000"	"0.0000"	"14"	"53"	"0.2642"
"9311"	"Hjelpearbeider i bergverk"	"Hjelpearbeidere i bergverk"	"4"	"9"	"0"	"0"	"0"	"0"	"0"	"0"	"0.3077"	"0.6923"	"0.0000"	"0.0000"	"0.0000"	"0.0000"	"0.0000"	"0.0000"	"13"	"23"	"0.5652"
"9312"	"Hjelpearbeider i anlegg"	"Hjelpearbeidere i anlegg"	"1657"	"4428"	"613"	"4832"	"171"	"383"	"74"	"6"	"0.1359"	"0.3630"	"0.0503"	"0.3962"	"0.0140"	"0.0314"	"0.0061"	"0.0005"	"12197"	"12596"	"0.9683"
"9313"	"Hjelpearbeider i bygg"	"Hjelpearbeidere i bygg"	"1828"	"1329"	"159"	"1386"	"36"	"281"	"64"	"7"	"0.3568"	"0.2594"	"0.0310"	"0.2705"	"0.0070"	"0.0549"	"0.0125"	"0.0014"	"5123"	"5435"	"0.9426"
"9321"	"Håndpakker"	"Håndpakkere mv."	"174"	"393"	"35"	"282"	"0"	"51"	"18"	"0"	"0.1783"	"0.4027"	"0.0359"	"0.2889"	"0.0000"	"0.0523"	"0.0184"	"0.0000"	"976"	"1165"	"0.8378"
"9329"	"Hjelpearbeider i industri"	"Andre hjelpearbeidere i industri"	"447"	"2095"	"288"	"2090"	"92"	"307"	"58"	"0"	"0.0824"	"0.3862"	"0.0531"	"0.3853"	"0.0170"	"0.0566"	"0.0107"	"0.0000"	"5425"	"5830"	"0.9305"
"9333"	"Laste- eller lossearbeider"	"Laste- og lossearbeidere"	"420"	"1078"	"103"	"1148"	"73"	"224"	"35"	"0"	"0.1353"	"0.3472"	"0.0332"	"0.3697"	"0.0235"	"0.0721"	"0.0113"	"0.0000"	"3105"	"3498"	"0.8877"
"9334"	"Varepåfyller"	"Varepåfyllere"	"96"	"330"	"12"	"181"	"0"	"15"	"3"	"0"	"0.1500"	"0.5156"	"0.0188"	"0.2828"	"0.0000"	"0.0234"	"0.0047"	"0.0000"	"640"	"834"	"0.7674"
"9412"	"Kjøkkenassistent"	"Kjøkkenassistenter"	"2544"	"5421"	"1133"	"4069"	"134"	"1615"	"386"	"72"	"0.1610"	"0.3431"	"0.0717"	"0.2575"	"0.0085"	"0.1022"	"0.0244"	"0.0046"	"15802"	"16372"	"0.9652"
"9510"	"Reklamedistributør"	"Reklamedistributører mv."	"13"	"57"	"0"	"36"	"0"	"0"	"0"	"0"	"0.1226"	"0.5377"	"0.0000"	"0.3396"	"0.0000"	"0.0000"	"0.0000"	"0.0000"	"106"	"171"	"0.6199"
"9611"	"Renovasjonsarbeider"	"Renovasjonsarbeidere"	"489"	"1745"	"280"	"1632"	"24"	"120"	"22"	"0"	"0.1131"	"0.4036"	"0.0648"	"0.3774"	"0.0056"	"0.0278"	"0.0051"	"0.0000"	"4324"	"4635"	"0.9329"
"9612"	"Gjenvinningsarbeider"	"Gjenvinningsarbeidere"	"57"	"247"	"11"	"144"	"0"	"7"	"0"	"0"	"0.1215"	"0.5267"	"0.0235"	"0.3070"	"0.0000"	"0.0149"	"0.0000"	"0.0000"	"469"	"617"	"0.7601"
"9613"	"Snømåker"	"Gatefeiere mv."	"9"	"4"	"0"	"0"	"0"	"0"	"0"	"0"	"0.6923"	"0.3077"	"0.0000"	"0.0000"	"0.0000"	"0.0000"	"0.0000"	"0.0000"	"13"	"24"	"0.5417"
"9621"	"Bud"	"Bud mv."	"553"	"611"	"65"	"392"	"5"	"266"	"99"	"23"	"0.2717"	"0.3002"	"0.0319"	"0.1926"	"0.0025"	"0.1307"	"0.0486"	"0.0113"	"2035"	"2382"	"0.8543"
"9622"	"Altmuligmann"	"Altmuligmann"	"394"	"776"	"123"	"861"	"39"	"184"	"42"	"0"	"0.1614"	"0.3179"	"0.0504"	"0.3527"	"0.0160"	"0.0754"	"0.0172"	"0.0000"	"2441"	"2817"	"0.8665"
"9623"	"Måleravleser"	"Måleravlesere mv."	"8"	"24"	"6"	"32"	"7"	"0"	"0"	"0"	"0.1039"	"0.3117"	"0.0779"	"0.4156"	"0.0909"	"0.0000"	"0.0000"	"0.0000"	"77"	"147"	"0.5238"
"9629"	"Hjelpearbeider"	"Andre hjelpearbeidere"	"32"	"160"	"43"	"188"	"9"	"123"	"7"	"0"	"0.0569"	"0.2847"	"0.0765"	"0.3345"	"0.0160"	"0.2189"	"0.0125"	"0.0000"	"562"	"879"	"0.6394"
"9996"	"Ikke i arbeid"	"Utenfor arbeidsstyrken"	"69960"	"257805"	"122977"	"153551"	"19013"	"122812"	"34156"	"3791"	"0.0877"	"0.3231"	"0.1541"	"0.1924"	"0.0238"	"0.1539"	"0.0428"	"0.0048"	"797976"	"798873"	"0.9989"
"9997"	"I utdanning"	"Utenfor arbeidsstyrken og under utdanning"	"3174"	"15759"	"228"	"51881"	"1669"	"41072"	"3634"	"291"	"0.0269"	"0.1334"	"0.0019"	"0.4392"	"0.0141"	"0.3477"	"0.0308"	"0.0025"	"118114"	"119086"	"0.9918"
"9998"	"Arbeidsledig"	"Registrert helt ledig"	"6774"	"15469"	"2479"	"12988"	"1512"	"7910"	"3269"	"486"	"0.1308"	"0.2987"	"0.0479"	"0.2508"	"0.0292"	"0.1527"	"0.0631"	"0.0094"	"51786"	"52877"	"0.9794"
"9999"	"Selvstendig næringsdrivende"	"Selvstendige"	"5290"	"23836"	"15967"	"35961"	"3773"	"23167"	"14208"	"624"	"0.0429"	"0.1931"	"0.1294"	"0.2913"	"0.0306"	"0.1877"	"0.1151"	"0.0051"	"123432"	"124487"	"0.9915"
